[
{
  "model": "auth.group",
  "fields": {
    "name": "staff",
    "permissions": [
      [
        "add_content",
        "dashboard",
        "content"
      ],
      [
        "change_content",
        "dashboard",
        "content"
      ],
      [
        "delete_content",
        "dashboard",
        "content"
      ],
      [
        "add_contenttr",
        "dashboard",
        "contenttr"
      ],
      [
        "change_contenttr",
        "dashboard",
        "contenttr"
      ],
      [
        "delete_contenttr",
        "dashboard",
        "contenttr"
      ],
      [
        "add_language",
        "dashboard",
        "language"
      ],
      [
        "change_language",
        "dashboard",
        "language"
      ],
      [
        "delete_language",
        "dashboard",
        "language"
      ],
      [
        "add_period",
        "dashboard",
        "period"
      ],
      [
        "change_period",
        "dashboard",
        "period"
      ],
      [
        "delete_period",
        "dashboard",
        "period"
      ],
      [
        "add_periodtr",
        "dashboard",
        "periodtr"
      ],
      [
        "change_periodtr",
        "dashboard",
        "periodtr"
      ],
      [
        "delete_periodtr",
        "dashboard",
        "periodtr"
      ],
      [
        "add_profile",
        "dashboard",
        "profile"
      ],
      [
        "change_profile",
        "dashboard",
        "profile"
      ],
      [
        "delete_profile",
        "dashboard",
        "profile"
      ],
      [
        "add_topic",
        "dashboard",
        "topic"
      ],
      [
        "change_topic",
        "dashboard",
        "topic"
      ],
      [
        "delete_topic",
        "dashboard",
        "topic"
      ],
      [
        "add_topictr",
        "dashboard",
        "topictr"
      ],
      [
        "change_topictr",
        "dashboard",
        "topictr"
      ],
      [
        "delete_topictr",
        "dashboard",
        "topictr"
      ],
      [
        "add_content",
        "home",
        "content"
      ],
      [
        "change_content",
        "home",
        "content"
      ],
      [
        "delete_content",
        "home",
        "content"
      ],
      [
        "add_contenttr",
        "home",
        "contenttr"
      ],
      [
        "change_contenttr",
        "home",
        "contenttr"
      ],
      [
        "delete_contenttr",
        "home",
        "contenttr"
      ],
      [
        "add_language",
        "home",
        "language"
      ],
      [
        "change_language",
        "home",
        "language"
      ],
      [
        "delete_language",
        "home",
        "language"
      ],
      [
        "add_period",
        "home",
        "period"
      ],
      [
        "change_period",
        "home",
        "period"
      ],
      [
        "delete_period",
        "home",
        "period"
      ],
      [
        "add_periodtr",
        "home",
        "periodtr"
      ],
      [
        "change_periodtr",
        "home",
        "periodtr"
      ],
      [
        "delete_periodtr",
        "home",
        "periodtr"
      ],
      [
        "add_topic",
        "home",
        "topic"
      ],
      [
        "change_topic",
        "home",
        "topic"
      ],
      [
        "delete_topic",
        "home",
        "topic"
      ],
      [
        "add_topictr",
        "home",
        "topictr"
      ],
      [
        "change_topictr",
        "home",
        "topictr"
      ],
      [
        "delete_topictr",
        "home",
        "topictr"
      ],
      [
        "add_session",
        "sessions",
        "session"
      ],
      [
        "change_session",
        "sessions",
        "session"
      ],
      [
        "delete_session",
        "sessions",
        "session"
      ]
    ]
  }
},
{
  "model": "auth.user",
  "fields": {
    "password": "pbkdf2_sha256$30000$42dbPb7svwpq$pQ60WIckY3mUZPsXusGIegyhwSQHldWQU/OVzLFH2Qc=",
    "last_login": "2017-04-04T12:50:16.324Z",
    "is_superuser": true,
    "username": "rernande",
    "first_name": "Romain",
    "last_name": "Ernandez",
    "email": "romain.ernandez@gmail.com",
    "is_staff": true,
    "is_active": true,
    "date_joined": "2017-02-07T15:35:03Z",
    "groups": [],
    "user_permissions": []
  }
},
{
  "model": "auth.user",
  "fields": {
    "password": "pbkdf2_sha256$30000$ka7N0XUj0COo$HclTdf7phkk7I7sStTIpNMufwoE2JnQMWOsfyCMUTHI=",
    "last_login": "2017-04-04T12:53:16.664Z",
    "is_superuser": false,
    "username": "lelin",
    "first_name": "",
    "last_name": "",
    "email": "",
    "is_staff": false,
    "is_active": true,
    "date_joined": "2017-04-04T12:47:11Z",
    "groups": [
      [
        "staff"
      ]
    ],
    "user_permissions": []
  }
},
{
  "model": "dashboard.language",
  "pk": "GB",
  "fields": {
    "native_name": "English"
  }
},
{
  "model": "dashboard.language",
  "pk": "LT",
  "fields": {
    "native_name": "Lietuvi\u0173 kalba"
  }
},
{
  "model": "dashboard.language",
  "pk": "NO",
  "fields": {
    "native_name": "Norsk bokm\u00e5l"
  }
},
{
  "model": "dashboard.language",
  "pk": "PK",
  "fields": {
    "native_name": "\u0627\u0631\u062f\u0648"
  }
},
{
  "model": "dashboard.language",
  "pk": "PL",
  "fields": {
    "native_name": "Polszczyzna"
  }
},
{
  "model": "dashboard.language",
  "pk": "SA",
  "fields": {
    "native_name": "\u0627\u0644\u0639\u0631\u0628\u064a\u0629"
  }
},
{
  "model": "dashboard.language",
  "pk": "SO",
  "fields": {
    "native_name": "Soomaaliga"
  }
},
{
  "model": "dashboard.period",
  "pk": 1,
  "fields": {
    "image": "0011ff.png"
  }
},
{
  "model": "dashboard.period",
  "pk": 2,
  "fields": {
    "image": "0011ff.png"
  }
},
{
  "model": "dashboard.period",
  "pk": 3,
  "fields": {
    "image": "0011ff.png"
  }
},
{
  "model": "dashboard.period",
  "pk": 4,
  "fields": {
    "image": "0011ff.png"
  }
},
{
  "model": "dashboard.period",
  "pk": 5,
  "fields": {
    "image": "0011ff.png"
  }
},
{
  "model": "dashboard.period",
  "pk": 6,
  "fields": {
    "image": "0011ff.png"
  }
},
{
  "model": "dashboard.period",
  "pk": 7,
  "fields": {
    "image": "0011ff.png"
  }
},
{
  "model": "dashboard.period",
  "pk": 8,
  "fields": {
    "image": "0011ff.png"
  }
},
{
  "model": "dashboard.period",
  "pk": 9,
  "fields": {
    "image": "0011ff.png"
  }
},
{
  "model": "dashboard.periodtr",
  "pk": 1,
  "fields": {
    "name": "During pregnancy",
    "language": "GB",
    "period": 1
  }
},
{
  "model": "dashboard.periodtr",
  "pk": 2,
  "fields": {
    "name": "0-2 Weeks",
    "language": "GB",
    "period": 2
  }
},
{
  "model": "dashboard.periodtr",
  "pk": 3,
  "fields": {
    "name": "1-2 Months",
    "language": "GB",
    "period": 3
  }
},
{
  "model": "dashboard.periodtr",
  "pk": 4,
  "fields": {
    "name": "3-4 Months",
    "language": "GB",
    "period": 4
  }
},
{
  "model": "dashboard.periodtr",
  "pk": 5,
  "fields": {
    "name": "5-6 Months",
    "language": "GB",
    "period": 5
  }
},
{
  "model": "dashboard.periodtr",
  "pk": 6,
  "fields": {
    "name": "7-9 Months",
    "language": "GB",
    "period": 6
  }
},
{
  "model": "dashboard.periodtr",
  "pk": 7,
  "fields": {
    "name": "10-12 Months",
    "language": "GB",
    "period": 7
  }
},
{
  "model": "dashboard.periodtr",
  "pk": 8,
  "fields": {
    "name": "13-15 Months",
    "language": "GB",
    "period": 8
  }
},
{
  "model": "dashboard.periodtr",
  "pk": 9,
  "fields": {
    "name": "16-26 Months",
    "language": "GB",
    "period": 9
  }
},
{
  "model": "dashboard.periodtr",
  "pk": 10,
  "fields": {
    "name": "Svangerskap",
    "language": "NO",
    "period": 1
  }
},
{
  "model": "dashboard.periodtr",
  "pk": 11,
  "fields": {
    "name": "0-2 Uker",
    "language": "NO",
    "period": 2
  }
},
{
  "model": "dashboard.periodtr",
  "pk": 12,
  "fields": {
    "name": "1-2 M\u00e5neder",
    "language": "NO",
    "period": 3
  }
},
{
  "model": "dashboard.periodtr",
  "pk": 13,
  "fields": {
    "name": "3-4 M\u00e5neder",
    "language": "NO",
    "period": 4
  }
},
{
  "model": "dashboard.periodtr",
  "pk": 14,
  "fields": {
    "name": "5-6 M\u00e5neder",
    "language": "NO",
    "period": 5
  }
},
{
  "model": "dashboard.periodtr",
  "pk": 15,
  "fields": {
    "name": "7-9 M\u00e5neder",
    "language": "NO",
    "period": 6
  }
},
{
  "model": "dashboard.periodtr",
  "pk": 16,
  "fields": {
    "name": "10-12 M\u00e5neder",
    "language": "NO",
    "period": 7
  }
},
{
  "model": "dashboard.periodtr",
  "pk": 17,
  "fields": {
    "name": "13-15 M\u00e5neder",
    "language": "NO",
    "period": 8
  }
},
{
  "model": "dashboard.periodtr",
  "pk": 18,
  "fields": {
    "name": "16-26 M\u00e5neder",
    "language": "NO",
    "period": 9
  }
},
{
  "model": "dashboard.periodtr",
  "pk": 19,
  "fields": {
    "name": "\u062d\u0645\u0644",
    "language": "SA",
    "period": 1
  }
},
{
  "model": "dashboard.periodtr",
  "pk": 20,
  "fields": {
    "name": "0-2 \u0623\u0633\u0627\u0628\u064a\u0639",
    "language": "SA",
    "period": 2
  }
},
{
  "model": "dashboard.periodtr",
  "pk": 21,
  "fields": {
    "name": "1-2 \u0623\u0634\u0647\u0631",
    "language": "SA",
    "period": 3
  }
},
{
  "model": "dashboard.periodtr",
  "pk": 22,
  "fields": {
    "name": "3-4 \u0623\u0634\u0647\u0631",
    "language": "SA",
    "period": 4
  }
},
{
  "model": "dashboard.periodtr",
  "pk": 23,
  "fields": {
    "name": "5-6 \u0623\u0634\u0647\u0631",
    "language": "SA",
    "period": 5
  }
},
{
  "model": "dashboard.periodtr",
  "pk": 24,
  "fields": {
    "name": "7-9 \u0623\u0634\u0647\u0631",
    "language": "SA",
    "period": 6
  }
},
{
  "model": "dashboard.periodtr",
  "pk": 25,
  "fields": {
    "name": "10-12 \u0623\u0634\u0647\u0631",
    "language": "SA",
    "period": 7
  }
},
{
  "model": "dashboard.periodtr",
  "pk": 26,
  "fields": {
    "name": "13-15 \u0623\u0634\u0647\u0631",
    "language": "SA",
    "period": 8
  }
},
{
  "model": "dashboard.periodtr",
  "pk": 27,
  "fields": {
    "name": "16-26 \u0623\u0634\u0647\u0631",
    "language": "SA",
    "period": 9
  }
},
{
  "model": "dashboard.periodtr",
  "pk": 28,
  "fields": {
    "name": "Ci\u0105\u017ca",
    "language": "PL",
    "period": 1
  }
},
{
  "model": "dashboard.periodtr",
  "pk": 29,
  "fields": {
    "name": "0-2 Tydzie\u0144",
    "language": "PL",
    "period": 2
  }
},
{
  "model": "dashboard.periodtr",
  "pk": 30,
  "fields": {
    "name": "1-2 Miesi\u0105ce",
    "language": "PL",
    "period": 3
  }
},
{
  "model": "dashboard.periodtr",
  "pk": 31,
  "fields": {
    "name": "3-4 Miesi\u0105ce",
    "language": "PL",
    "period": 4
  }
},
{
  "model": "dashboard.periodtr",
  "pk": 32,
  "fields": {
    "name": "5-6 Miesi\u0105ce",
    "language": "PL",
    "period": 5
  }
},
{
  "model": "dashboard.periodtr",
  "pk": 33,
  "fields": {
    "name": "7-9 Miesi\u0105ce",
    "language": "PL",
    "period": 6
  }
},
{
  "model": "dashboard.periodtr",
  "pk": 34,
  "fields": {
    "name": "10-12 Miesi\u0105ce",
    "language": "PL",
    "period": 7
  }
},
{
  "model": "dashboard.periodtr",
  "pk": 35,
  "fields": {
    "name": "13-15 Miesi\u0105ce",
    "language": "PL",
    "period": 8
  }
},
{
  "model": "dashboard.periodtr",
  "pk": 36,
  "fields": {
    "name": "16-26 Miesi\u0105ce",
    "language": "PL",
    "period": 9
  }
},
{
  "model": "dashboard.periodtr",
  "pk": 37,
  "fields": {
    "name": "\u062d\u0645\u0644",
    "language": "PK",
    "period": 1
  }
},
{
  "model": "dashboard.periodtr",
  "pk": 38,
  "fields": {
    "name": "0-2 \u06c1\u0641\u062a\u06d2",
    "language": "PK",
    "period": 2
  }
},
{
  "model": "dashboard.periodtr",
  "pk": 39,
  "fields": {
    "name": "1-2 \u0645\u06c1\u06cc\u0646\u06d2",
    "language": "PK",
    "period": 3
  }
},
{
  "model": "dashboard.periodtr",
  "pk": 40,
  "fields": {
    "name": "3-4 \u0645\u06c1\u06cc\u0646\u06d2",
    "language": "PK",
    "period": 4
  }
},
{
  "model": "dashboard.periodtr",
  "pk": 41,
  "fields": {
    "name": "5-6 \u0645\u06c1\u06cc\u0646\u06d2",
    "language": "PK",
    "period": 5
  }
},
{
  "model": "dashboard.periodtr",
  "pk": 42,
  "fields": {
    "name": "7-9 \u0645\u06c1\u06cc\u0646\u06d2",
    "language": "PK",
    "period": 6
  }
},
{
  "model": "dashboard.periodtr",
  "pk": 43,
  "fields": {
    "name": "10-12 \u0645\u06c1\u06cc\u0646\u06d2",
    "language": "PK",
    "period": 7
  }
},
{
  "model": "dashboard.periodtr",
  "pk": 44,
  "fields": {
    "name": "13-15 \u0645\u06c1\u06cc\u0646\u06d2",
    "language": "PK",
    "period": 8
  }
},
{
  "model": "dashboard.periodtr",
  "pk": 45,
  "fields": {
    "name": "16-26 \u0645\u06c1\u06cc\u0646\u06d2",
    "language": "PK",
    "period": 9
  }
},
{
  "model": "dashboard.periodtr",
  "pk": 46,
  "fields": {
    "name": "Uurka",
    "language": "SO",
    "period": 1
  }
},
{
  "model": "dashboard.periodtr",
  "pk": 47,
  "fields": {
    "name": "0-2 Todobaad",
    "language": "SO",
    "period": 2
  }
},
{
  "model": "dashboard.periodtr",
  "pk": 48,
  "fields": {
    "name": "1-2 Bilood",
    "language": "SO",
    "period": 3
  }
},
{
  "model": "dashboard.periodtr",
  "pk": 49,
  "fields": {
    "name": "3-4 Bilood",
    "language": "SO",
    "period": 4
  }
},
{
  "model": "dashboard.periodtr",
  "pk": 50,
  "fields": {
    "name": "5-6 Bilood",
    "language": "SO",
    "period": 5
  }
},
{
  "model": "dashboard.periodtr",
  "pk": 51,
  "fields": {
    "name": "7-9 Bilood",
    "language": "SO",
    "period": 6
  }
},
{
  "model": "dashboard.periodtr",
  "pk": 52,
  "fields": {
    "name": "10-12 Bilood",
    "language": "SO",
    "period": 7
  }
},
{
  "model": "dashboard.periodtr",
  "pk": 53,
  "fields": {
    "name": "13-15 Bilood",
    "language": "SO",
    "period": 8
  }
},
{
  "model": "dashboard.periodtr",
  "pk": 54,
  "fields": {
    "name": "16-26 Bilood",
    "language": "SO",
    "period": 9
  }
},
{
  "model": "dashboard.periodtr",
  "pk": 55,
  "fields": {
    "name": "N\u0117\u0161tumas",
    "language": "LT",
    "period": 1
  }
},
{
  "model": "dashboard.periodtr",
  "pk": 56,
  "fields": {
    "name": "0-2 Savaites",
    "language": "LT",
    "period": 2
  }
},
{
  "model": "dashboard.periodtr",
  "pk": 57,
  "fields": {
    "name": "1-2 M\u0117nesi\u0173",
    "language": "LT",
    "period": 3
  }
},
{
  "model": "dashboard.periodtr",
  "pk": 58,
  "fields": {
    "name": "3-4 M\u0117nesi\u0173",
    "language": "LT",
    "period": 4
  }
},
{
  "model": "dashboard.periodtr",
  "pk": 59,
  "fields": {
    "name": "5-6 M\u0117nesi\u0173",
    "language": "LT",
    "period": 5
  }
},
{
  "model": "dashboard.periodtr",
  "pk": 60,
  "fields": {
    "name": "7-9 M\u0117nesi\u0173",
    "language": "LT",
    "period": 6
  }
},
{
  "model": "dashboard.periodtr",
  "pk": 61,
  "fields": {
    "name": "10-12 M\u0117nesi\u0173",
    "language": "LT",
    "period": 7
  }
},
{
  "model": "dashboard.periodtr",
  "pk": 62,
  "fields": {
    "name": "13-15 M\u0117nesi\u0173",
    "language": "LT",
    "period": 8
  }
},
{
  "model": "dashboard.periodtr",
  "pk": 63,
  "fields": {
    "name": "16-26 M\u0117nesi\u0173",
    "language": "LT",
    "period": 9
  }
},
{
  "model": "dashboard.topic",
  "pk": 1,
  "fields": {
    "image": "0011ff.png",
    "periods": [
      1
    ]
  }
},
{
  "model": "dashboard.topic",
  "pk": 2,
  "fields": {
    "image": "0011ff.png",
    "periods": [
      1
    ]
  }
},
{
  "model": "dashboard.topic",
  "pk": 3,
  "fields": {
    "image": "0011ff.png",
    "periods": [
      1
    ]
  }
},
{
  "model": "dashboard.topic",
  "pk": 4,
  "fields": {
    "image": "0011ff.png",
    "periods": [
      1
    ]
  }
},
{
  "model": "dashboard.topic",
  "pk": 5,
  "fields": {
    "image": "0011ff.png",
    "periods": [
      1
    ]
  }
},
{
  "model": "dashboard.topic",
  "pk": 6,
  "fields": {
    "image": "0011ff.png",
    "periods": [
      1
    ]
  }
},
{
  "model": "dashboard.topic",
  "pk": 7,
  "fields": {
    "image": "0011ff.png",
    "periods": [
      1
    ]
  }
},
{
  "model": "dashboard.topic",
  "pk": 8,
  "fields": {
    "image": "0011ff.png",
    "periods": [
      1
    ]
  }
},
{
  "model": "dashboard.topic",
  "pk": 9,
  "fields": {
    "image": "0011ff.png",
    "periods": [
      1
    ]
  }
},
{
  "model": "dashboard.topictr",
  "pk": 1,
  "fields": {
    "name": "Benefits of breastfeeding",
    "language": "GB",
    "topic": 1
  }
},
{
  "model": "dashboard.topictr",
  "pk": 2,
  "fields": {
    "name": "Preparation for breastfeeding",
    "language": "GB",
    "topic": 2
  }
},
{
  "model": "dashboard.topictr",
  "pk": 3,
  "fields": {
    "name": "Motivation for breastfeeding",
    "language": "GB",
    "topic": 3
  }
},
{
  "model": "dashboard.topictr",
  "pk": 4,
  "fields": {
    "name": "Anatomy of the breast",
    "language": "GB",
    "topic": 4
  }
},
{
  "model": "dashboard.topictr",
  "pk": 5,
  "fields": {
    "name": "Previous negative breastfeeding experiences ?",
    "language": "GB",
    "topic": 5
  }
},
{
  "model": "dashboard.topictr",
  "pk": 6,
  "fields": {
    "name": "Has the mother had any operation of the breast ?",
    "language": "GB",
    "topic": 6
  }
},
{
  "model": "dashboard.topictr",
  "pk": 7,
  "fields": {
    "name": "Information about Ammehjelpen",
    "language": "GB",
    "topic": 7
  }
},
{
  "model": "dashboard.topictr",
  "pk": 8,
  "fields": {
    "name": "Information about Mother-child friendly hospitals",
    "language": "GB",
    "topic": 8
  }
},
{
  "model": "dashboard.topictr",
  "pk": 9,
  "fields": {
    "name": "Maternal food intake during breastfeeding",
    "language": "GB",
    "topic": 9
  }
},
{
  "model": "dashboard.topictr",
  "pk": 10,
  "fields": {
    "name": "Fordeler med amming",
    "language": "NO",
    "topic": 1
  }
},
{
  "model": "dashboard.topictr",
  "pk": 11,
  "fields": {
    "name": "Forberedelse til amming",
    "language": "NO",
    "topic": 2
  }
},
{
  "model": "dashboard.topictr",
  "pk": 12,
  "fields": {
    "name": "Motivasjon for amming",
    "language": "NO",
    "topic": 3
  }
},
{
  "model": "dashboard.topictr",
  "pk": 13,
  "fields": {
    "name": "Tidligere negative amming erfaringer?",
    "language": "NO",
    "topic": 4
  }
},
{
  "model": "dashboard.topictr",
  "pk": 14,
  "fields": {
    "name": "Har mor hatt noen operasjon av brystet?",
    "language": "NO",
    "topic": 5
  }
},
{
  "model": "dashboard.topictr",
  "pk": 15,
  "fields": {
    "name": "Informasjon om amming hjelp",
    "language": "NO",
    "topic": 6
  }
},
{
  "model": "dashboard.topictr",
  "pk": 16,
  "fields": {
    "name": "Informasjon om mor-barn-vennlig sykehus",
    "language": "NO",
    "topic": 7
  }
},
{
  "model": "dashboard.topictr",
  "pk": 17,
  "fields": {
    "name": "Maternal matinntaket under amming",
    "language": "NO",
    "topic": 8
  }
},
{
  "model": "dashboard.topictr",
  "pk": 18,
  "fields": {
    "name": "\u0641\u0648\u0627\u0626\u062f \u0627\u0644\u0631\u0636\u0627\u0639\u0629 \u0627\u0644\u0637\u0628\u064a\u0639\u064a\u0629",
    "language": "SA",
    "topic": 1
  }
},
{
  "model": "dashboard.topictr",
  "pk": 19,
  "fields": {
    "name": "\u0627\u0633\u062a\u0639\u062f\u0627\u062f\u0627 \u0644\u0644\u0631\u0636\u0627\u0639\u0629",
    "language": "SA",
    "topic": 2
  }
},
{
  "model": "dashboard.topictr",
  "pk": 20,
  "fields": {
    "name": "\u0627\u0644\u062f\u0627\u0641\u0639 \u0644\u0644\u0631\u0636\u0627\u0639\u0629 \u0627\u0644\u0637\u0628\u064a\u0639\u064a\u0629",
    "language": "SA",
    "topic": 3
  }
},
{
  "model": "dashboard.topictr",
  "pk": 21,
  "fields": {
    "name": "\u0627\u0644\u0633\u0627\u0628\u0642\u0629 \u0627\u0644\u062e\u0628\u0631\u0627\u062a \u0627\u0644\u0631\u0636\u0627\u0639\u0629 \u0627\u0644\u0637\u0628\u064a\u0639\u064a\u0629 \u0627\u0644\u0633\u0644\u0628\u064a\u0629",
    "language": "SA",
    "topic": 4
  }
},
{
  "model": "dashboard.topictr",
  "pk": 22,
  "fields": {
    "name": "\u0648\u0643\u0627\u0646\u062a \u0627\u0644\u0623\u0645 \u0623\u064a \u0639\u0645\u0644\u064a\u0629 \u0645\u0646 \u0627\u0644\u062b\u062f\u064a",
    "language": "SA",
    "topic": 5
  }
},
{
  "model": "dashboard.topictr",
  "pk": 23,
  "fields": {
    "name": "\u0645\u0639\u0644\u0648\u0645\u0627\u062a \u0639\u0646 \u0627\u0644\u0645\u0633\u0627\u0639\u062f\u0629 \u0627\u0644\u0631\u0636\u0627\u0639\u0629 \u0627\u0644\u0637\u0628\u064a\u0639\u064a\u0629",
    "language": "SA",
    "topic": 6
  }
},
{
  "model": "dashboard.topictr",
  "pk": 24,
  "fields": {
    "name": "\u0645\u0639\u0644\u0648\u0645\u0627\u062a \u0639\u0646 \u0627\u0644\u0645\u0633\u062a\u0634\u0641\u064a\u0627\u062a \u0635\u062f\u064a\u0642\u0629 \u0627\u0644\u0623\u0645 \u0648\u0627\u0644\u0637\u0641\u0644",
    "language": "SA",
    "topic": 7
  }
},
{
  "model": "dashboard.topictr",
  "pk": 25,
  "fields": {
    "name": "\u0627\u0644\u0627\u0633\u062a\u0647\u0644\u0627\u0643 \u0627\u0644\u063a\u0630\u0627\u0626\u064a \u0644\u0644\u0623\u0645 \u0623\u062b\u0646\u0627\u0621 \u0627\u0644\u0631\u0636\u0627\u0639\u0629 \u0627\u0644\u0637\u0628\u064a\u0639\u064a\u0629",
    "language": "SA",
    "topic": 8
  }
},
{
  "model": "dashboard.topictr",
  "pk": 26,
  "fields": {
    "name": "Korzy\u015bci z karmienia piersi\u0105",
    "language": "PL",
    "topic": 1
  }
},
{
  "model": "dashboard.topictr",
  "pk": 27,
  "fields": {
    "name": "Przygotowanie do karmienia piersi\u0105",
    "language": "PL",
    "topic": 2
  }
},
{
  "model": "dashboard.topictr",
  "pk": 28,
  "fields": {
    "name": "Motywacja do karmienia piersi\u0105",
    "language": "PL",
    "topic": 3
  }
},
{
  "model": "dashboard.topictr",
  "pk": 29,
  "fields": {
    "name": "Poprzednie negatywne do\u015bwiadczenia piersi\u0105?",
    "language": "PL",
    "topic": 4
  }
},
{
  "model": "dashboard.topictr",
  "pk": 30,
  "fields": {
    "name": "Czy matka mia\u0142a \u017cadnej operacji piersi?",
    "language": "PL",
    "topic": 5
  }
},
{
  "model": "dashboard.topictr",
  "pk": 31,
  "fields": {
    "name": "Informacja o pomoc w karmieniu piersi\u0105",
    "language": "PL",
    "topic": 6
  }
},
{
  "model": "dashboard.topictr",
  "pk": 32,
  "fields": {
    "name": "Informacja o przyjaznych dla matki i dziecka szpit",
    "language": "PL",
    "topic": 7
  }
},
{
  "model": "dashboard.topictr",
  "pk": 33,
  "fields": {
    "name": "Maternal pokarmu w trakcie karmienia piersi\u0105",
    "language": "PL",
    "topic": 8
  }
},
{
  "model": "dashboard.topictr",
  "pk": 34,
  "fields": {
    "name": "\u0631\u0636\u0627\u0639\u062a \u06a9\u06d2 \u0641\u0648\u0627\u0626\u062f",
    "language": "PK",
    "topic": 1
  }
},
{
  "model": "dashboard.topictr",
  "pk": 35,
  "fields": {
    "name": "\u0627\u0633\u062a\u0639\u062f\u0627\u062f\u0627 \u0644\u0644\u0631\u0636\u0627\u0639\u0629",
    "language": "PK",
    "topic": 2
  }
},
{
  "model": "dashboard.topictr",
  "pk": 36,
  "fields": {
    "name": "\u062f\u0648\u062f\u06be \u067e\u0644\u0627\u0646\u06d2 \u06a9\u06d2 \u0644\u0626\u06d2 \u067e\u0631\u06cc\u0631\u062a\u0627",
    "language": "PK",
    "topic": 3
  }
},
{
  "model": "dashboard.topictr",
  "pk": 37,
  "fields": {
    "name": "\u067e\u0686\u06be\u0644\u0627 \u0645\u0646\u0641\u06cc \u0631\u0636\u0627\u0639\u062a \u062a\u062c\u0631\u0628\u0627\u062a",
    "language": "PK",
    "topic": 4
  }
},
{
  "model": "dashboard.topictr",
  "pk": 38,
  "fields": {
    "name": "\u0645\u0627\u06ba \u06a9\u06cc \u0686\u06be\u0627\u062a\u06cc \u06a9\u06d2 \u06a9\u0633\u06cc \u0628\u06be\u06cc \u0622\u067e\u0631\u06cc\u0634\u0646 \u06a9\u0648 \u062f\u06cc\u06a9\u06be\u0627 \u06af\u06cc\u0627 \u06c1\u06d2",
    "language": "PK",
    "topic": 5
  }
},
{
  "model": "dashboard.topictr",
  "pk": 39,
  "fields": {
    "name": "\u0631\u0636\u0627\u0639\u062a \u06a9\u06cc \u0645\u062f\u062f \u06a9\u06d2 \u0628\u0627\u0631\u06d2 \u0645\u06cc\u06ba \u0645\u0639\u0644\u0648\u0645\u0627\u062a",
    "language": "PK",
    "topic": 6
  }
},
{
  "model": "dashboard.topictr",
  "pk": 40,
  "fields": {
    "name": "\u0645\u0627\u06ba \u0628\u0686\u06d2 \u062f\u0648\u0633\u062a\u0627\u0646\u06c1 \u06c1\u0633\u067e\u062a\u0627\u0644\u0648\u06ba \u06a9\u06d2 \u0628\u0627\u0631\u06d2 \u0645\u06cc\u06ba \u0645\u0639\u0644\u0648\u0645\u0627\u062a",
    "language": "PK",
    "topic": 7
  }
},
{
  "model": "dashboard.topictr",
  "pk": 41,
  "fields": {
    "name": "\u062f\u0648\u062f\u06be \u067e\u0644\u0627\u0646\u06d2 \u06a9\u06d2 \u062f\u0648\u0631\u0627\u0646 \u0632\u0686\u06af\u06cc \u06a9\u06be\u0627\u0646\u06d2 \u06a9\u06cc \u0645\u0642\u062f\u0627\u0631",
    "language": "PK",
    "topic": 8
  }
},
{
  "model": "dashboard.topictr",
  "pk": 42,
  "fields": {
    "name": "Faa iidooyinka naas nuujinta",
    "language": "SO",
    "topic": 1
  }
},
{
  "model": "dashboard.topictr",
  "pk": 43,
  "fields": {
    "name": "Diyaarinta waayo naasnuujinta",
    "language": "SO",
    "topic": 2
  }
},
{
  "model": "dashboard.topictr",
  "pk": 44,
  "fields": {
    "name": "Rabitaan waayo naasnuujinta",
    "language": "SO",
    "topic": 3
  }
},
{
  "model": "dashboard.topictr",
  "pk": 45,
  "fields": {
    "name": "Waayo aragnimo hore naas xun?",
    "language": "SO",
    "topic": 4
  }
},
{
  "model": "dashboard.topictr",
  "pk": 46,
  "fields": {
    "name": "Miyuu hooyada lahaa howlgalka ka mid ah naaska?",
    "language": "SO",
    "topic": 5
  }
},
{
  "model": "dashboard.topictr",
  "pk": 47,
  "fields": {
    "name": "Warbixin ku saabsan kaalmo-nuujinta",
    "language": "SO",
    "topic": 6
  }
},
{
  "model": "dashboard.topictr",
  "pk": 48,
  "fields": {
    "name": "Warbixin ku saabsan isbitaalada saaxiibtinimo Hooy",
    "language": "SO",
    "topic": 7
  }
},
{
  "model": "dashboard.topictr",
  "pk": 49,
  "fields": {
    "name": "Cunto qaadashada hooyada waqtiga nuujinta",
    "language": "SO",
    "topic": 8
  }
},
{
  "model": "dashboard.topictr",
  "pk": 50,
  "fields": {
    "name": "Privalumai \u017eindymo",
    "language": "LT",
    "topic": 1
  }
},
{
  "model": "dashboard.topictr",
  "pk": 51,
  "fields": {
    "name": "Pasirengimas \u017eindymo",
    "language": "LT",
    "topic": 2
  }
},
{
  "model": "dashboard.topictr",
  "pk": 52,
  "fields": {
    "name": "Motyvacija \u017eindymo",
    "language": "LT",
    "topic": 3
  }
},
{
  "model": "dashboard.topictr",
  "pk": 53,
  "fields": {
    "name": "Ankstesn\u0117s neigiami \u017eindymo patirtis?",
    "language": "LT",
    "topic": 4
  }
},
{
  "model": "dashboard.topictr",
  "pk": 54,
  "fields": {
    "name": "Ar motina netur\u0117jo kr\u016bties operacija?",
    "language": "LT",
    "topic": 5
  }
},
{
  "model": "dashboard.topictr",
  "pk": 55,
  "fields": {
    "name": "Informacija apie \u017eindymo pagalba",
    "language": "LT",
    "topic": 6
  }
},
{
  "model": "dashboard.topictr",
  "pk": 56,
  "fields": {
    "name": "Informacija apie Motina-vaikams ligonin\u0117se",
    "language": "LT",
    "topic": 7
  }
},
{
  "model": "dashboard.topictr",
  "pk": 57,
  "fields": {
    "name": "Gimdyvi\u0173 maist\u0105 \u017eindymo laikotarpiu",
    "language": "LT",
    "topic": 8
  }
},
{
  "model": "dashboard.content",
  "pk": 1,
  "fields": {
    "image": "0011ff.png",
    "topic": 1
  }
},
{
  "model": "dashboard.content",
  "pk": 2,
  "fields": {
    "image": "0011ff.png",
    "topic": 1
  }
},
{
  "model": "dashboard.content",
  "pk": 3,
  "fields": {
    "image": "0011ff.png",
    "topic": 2
  }
},
{
  "model": "dashboard.content",
  "pk": 4,
  "fields": {
    "image": "0011ff.png",
    "topic": 2
  }
},
{
  "model": "dashboard.content",
  "pk": 5,
  "fields": {
    "image": "0011ff.png",
    "topic": 2
  }
},
{
  "model": "dashboard.contenttr",
  "pk": 1,
  "fields": {
    "language": "GB",
    "content": 1,
    "title": "Benefits for the baby",
    "text": "Breast milk provides the ideal nutrition for infants. It has a nearly perfect mix of vitamins, protein, and fat -- everything your baby needs to grow. And it''s all provided in a form more easily digested than infant formula. Breast milk contains antibodies that help your baby fight off viruses and bacteria. Plus, babies who are breastfed exclusively for the first 4-6 months, without any formula, have fewer ear infections, respiratory illnesses, and bouts of diarrhea. They also have fewer hospitalizations and trips to the doctor.\\r\\n\\r\\nBreastfeeding has been linked to higher IQ scores in later childhood in some studies. What''s more, the physical closeness, skin-to-skin touching, and eye contact all help your baby bond with you and feel secure. Breastfed infants are more likely to gain the right amount of weight as they grow rather than become overweight children. The Directorate of Health says breastfeeding also may play a role in the prevention of SIDS (sudden infant death syndrome). It''s been thought to lower the risk of diabetes, obesity, and certain cancers as well, but more research is needed."
  }
},
{
  "model": "dashboard.contenttr",
  "pk": 2,
  "fields": {
    "language": "NO",
    "content": 1,
    "title": "Fordeler med amming",
    "text": "Morsmelk gir den ideelle ern\u00e6ring for spedbarn. Den har en nesten perfekt blanding av vitaminer, proteiner og fett - alt barnet trenger for \u00e5 vokse. Og det er alt i en form lettere ford\u00f8yd enn morsmelkerstatning. Morsmelk inneholder antistoffer som hjelper barnet ditt \u00e5 bekjempe virus og bakterier. Plus, babyer som blir ammet eksklusivt for de f\u00f8rste 4-6 m\u00e5nedene, uten noen formel, har f\u00e6rre \u00f8rebetennelser, luftveissykdommer, og utbrudd av diar\u00e9. De har ogs\u00e5 f\u00e6rre sykehusinnleggelser og turer til legen. Amming har v\u00e6rt knyttet til h\u00f8yere IQ i senere barndom i noen studier. Hva mer, den fysiske n\u00e6rhet, hud-til-hud r\u00f8rende, og \u00f8yekontakt alle hjelpe babyen din obligasjon med deg og f\u00f8le seg trygge. Ammede spedbarn er mer sannsynlig \u00e5 f\u00e5 riktig mengde vekt som de vokser i stedet blir overvektige barn. Helsedirektoratet sier amming kan ogs\u00e5 spille en rolle i forebygging av krybbed\u00f8d (krybbed\u00f8d). Det er blitt antatt \u00e5 redusere risikoen for diabetes, fedme, og visse kreftformer ogs\u00e5, men det trengs mer forskning."
  }
},
{
  "model": "dashboard.contenttr",
  "pk": 3,
  "fields": {
    "language": "SA",
    "content": 1,
    "title": "\u0641\u0648\u0627\u0626\u062f \u0644\u0644\u0637\u0641\u0644",
    "text": "\u064a\u0648\u0641\u0631 \u062d\u0644\u064a\u0628 \u0627\u0644\u062b\u062f\u064a \u0627\u0644\u062a\u063a\u0630\u064a\u0629 \u0627\u0644\u0645\u062b\u0627\u0644\u064a\u0629 \u0644\u0644\u0623\u0637\u0641\u0627\u0644 \u0627\u0644\u0631\u0636\u0639. \u0627\u0646\u0647\u0627 \u0645\u0632\u064a\u062c \u0645\u0627 \u064a\u0642\u0631\u0628 \u0645\u0646 \u0627\u0644\u0643\u0645\u0627\u0644 \u0645\u0646 \u0627\u0644\u0641\u064a\u062a\u0627\u0645\u064a\u0646\u0627\u062a \u0648\u0627\u0644\u0628\u0631\u0648\u062a\u064a\u0646\u0627\u062a\u060c \u0648\u0627\u0644\u062f\u0647\u0648\u0646 - \u0643\u0644 \u0634\u064a\u0621 \u0637\u0641\u0644\u0643 \u064a\u062d\u062a\u0627\u062c \u0625\u0644\u0649 \u0627\u0644\u0646\u0645\u0648. \u0648\u0627\u0646\u0647 \u0647\u0648 \u062a\u0632\u0648\u064a\u062f \u062c\u0645\u064a\u0639 \u0641\u064a \u0634\u0643\u0644 \u0647\u0636\u0645\u0647\u0627 \u0628\u0633\u0647\u0648\u0644\u0629 \u0623\u0643\u0628\u0631 \u0645\u0646 \u062d\u0644\u064a\u0628 \u0627\u0644\u0623\u0637\u0641\u0627\u0644. \u064a\u062d\u062a\u0648\u064a \u062d\u0644\u064a\u0628 \u0627\u0644\u0623\u0645 \u0639\u0644\u0649 \u0623\u062c\u0633\u0627\u0645 \u0645\u0636\u0627\u062f\u0629 \u062a\u0633\u0627\u0639\u062f \u0627\u0644\u0637\u0641\u0644 \u0639\u0644\u0649 \u0645\u062d\u0627\u0631\u0628\u0629 \u0627\u0644\u0641\u064a\u0631\u0648\u0633\u0627\u062a \u0648\u0627\u0644\u0628\u0643\u062a\u064a\u0631\u064a\u0627. \u0628\u0627\u0644\u0627\u0636\u0627\u0641\u0629 \u0627\u0644\u0649 \u0630\u0644\u0643\u060c \u0627\u0644\u0623\u0637\u0641\u0627\u0644 \u0627\u0644\u0630\u064a\u0646 \u064a\u0631\u0636\u0639\u0648\u0646 \u0631\u0636\u0627\u0639\u0629 \u0637\u0628\u064a\u0639\u064a\u0629 \u062e\u0627\u0644\u0635\u0629 \u0644\u0644\u0623\u0634\u0647\u0631 4-6 \u0627\u0644\u0623\u0648\u0644\u0649\u060c \u062f\u0648\u0646 \u0623\u064a \u0635\u064a\u063a\u0629\u060c \u0644\u062f\u064a\u0647\u0627 \u0627\u0644\u062a\u0647\u0627\u0628\u0627\u062a \u0627\u0644\u0623\u0630\u0646 \u0623\u0642\u0644\u060c \u0623\u0645\u0631\u0627\u0636 \u0627\u0644\u062c\u0647\u0627\u0632 \u0627\u0644\u062a\u0646\u0641\u0633\u064a\u060c \u0648\u0646\u0648\u0628\u0627\u062a \u0645\u0646 \u0627\u0644\u0625\u0633\u0647\u0627\u0644. \u0643\u0645\u0627 \u0623\u0646 \u0644\u062f\u064a\u0647\u0627 \u0639\u062f\u062f \u0623\u0642\u0644 \u0645\u0646 \u0627\u0644\u0645\u0633\u062a\u0634\u0641\u064a\u0627\u062a \u0648\u0631\u062d\u0644\u0627\u062a \u0625\u0644\u0649 \u0627\u0644\u0637\u0628\u064a\u0628. \\ \u0627\u0631\u062a\u0628\u0637 \u0635 \\ \u0646 \\ \u0635 \\ \u0646 \u0627\u0644\u0631\u0636\u0627\u0639\u0629 \u0627\u0644\u0637\u0628\u064a\u0639\u064a\u0629 \u0644\u062f\u0631\u062c\u0627\u062a \u0645\u0639\u062f\u0644 \u0627\u0644\u0630\u0643\u0627\u0621 \u0627\u0644\u0639\u0627\u0644\u064a \u0641\u064a \u0645\u0631\u062d\u0644\u0629 \u0627\u0644\u0637\u0641\u0648\u0644\u0629 \u0641\u064a \u0648\u0642\u062a \u0644\u0627\u062d\u0642 \u0641\u064a \u0628\u0639\u0636 \u0627\u0644\u062f\u0631\u0627\u0633\u0627\u062a. \u0645\u0627 \u0647\u0648 \u0623\u0643\u062b\u0631 \u0645\u0646 \u0630\u0644\u0643\u060c \u0648\u0644\u0645\u0633 \u0627\u0644\u062a\u0642\u0627\u0631\u0628 \u0627\u0644\u062c\u0633\u062f\u064a\u060c \u0648\u0627\u0644\u062c\u0644\u062f \u0627\u0644\u0649 \u0627\u0644\u062c\u0644\u062f\u060c \u0648\u0627\u062a\u0635\u0627\u0644 \u0627\u0644\u0639\u064a\u0646 \u0643\u0644 \u062a\u0633\u0627\u0639\u062f \u0627\u0644\u0633\u0646\u062f\u0627\u062a \u0637\u0641\u0644\u0643 \u0645\u0639\u0643 \u0648\u064a\u0634\u0639\u0631 \u0628\u0627\u0644\u0623\u0645\u0627\u0646. \u0647\u0645 \u0623\u0643\u062b\u0631 \u0639\u0631\u0636\u0629 \u0644\u0627\u0643\u062a\u0633\u0627\u0628 \u0627\u0644\u062d\u0642 \u0641\u064a \u0645\u0628\u0644\u063a \u0645\u0646 \u0627\u0644\u0648\u0632\u0646 \u0644\u0623\u0646\u0647\u0627 \u062a\u0646\u0645\u0648 \u0628\u062f\u0644\u0627 \u0645\u0646 \u0627\u0644\u0623\u0637\u0641\u0627\u0644 \u064a\u0639\u0627\u0646\u0648\u0646 \u0645\u0646 \u0632\u064a\u0627\u062f\u0629 \u0627\u0644\u0648\u0632\u0646 \u062a\u0635\u0628\u062d \u0627\u0644\u0631\u0636\u0639. \u0648\u062a\u0642\u0648\u0644 \u0645\u062f\u064a\u0631\u064a\u0629 \u0627\u0644\u0635\u062d\u0629 \u0627\u0644\u0631\u0636\u0627\u0639\u0629 \u0627\u0644\u0637\u0628\u064a\u0639\u064a\u0629 \u0623\u064a\u0636\u0627 \u0642\u062f \u062a\u0644\u0639\u0628 \u062f\u0648\u0631\u0627 \u0641\u064a \u0627\u0644\u0648\u0642\u0627\u064a\u0629 \u0645\u0646 \u0627\u0644\u062f\u0648\u0644 \u0627\u0644\u062c\u0632\u0631\u064a\u0629 \u0627\u0644\u0635\u063a\u064a\u0631\u0629 \u0627\u0644\u0646\u0627\u0645\u064a\u0629 (\u0627\u0644\u0631\u0636\u0639 \u0627\u0644\u0645\u0641\u0627\u062c\u0626 \u0645\u062a\u0644\u0627\u0632\u0645\u0629 \u0627\u0644\u0645\u0648\u062a). \u0648\u0643\u0627\u0646 \u064a\u0639\u062a\u0642\u062f \u0623\u0646 \u062e\u0641\u0636 \u062e\u0637\u0631 \u0627\u0644\u0625\u0635\u0627\u0628\u0629 \u0628\u0645\u0631\u0636 \u0627\u0644\u0633\u0643\u0631\u064a\u060c \u0648\u0627\u0644\u0633\u0645\u0646\u0629\u060c \u0648\u0628\u0639\u0636 \u0623\u0646\u0648\u0627\u0639 \u0627\u0644\u0633\u0631\u0637\u0627\u0646 \u0643\u0630\u0644\u0643\u060c \u0648\u0644\u0643\u0646 \u0647\u0646\u0627\u0643 \u062d\u0627\u062c\u0629 \u0625\u0644\u0649 \u0645\u0632\u064a\u062f \u0645\u0646 \u0627\u0644\u0623\u0628\u062d\u0627\u062b."
  }
},
{
  "model": "dashboard.contenttr",
  "pk": 4,
  "fields": {
    "language": "PL",
    "content": 1,
    "title": "Korzy\u015bci z karmienia piersi\u0105",
    "text": "Mleko matki jest idealnym \u017cywienia dla niemowl\u0105t. Ma prawie doskona\u0142\u0105 mieszank\u0119 witamin, bia\u0142ka i t\u0142uszczu - wszystko twoje dziecko potrzebuje do wzrostu. A wszystko podane w formie \u0142atwiej trawione ni\u017c preparaty dla niemowl\u0105t. Mleko matki zawiera przeciwcia\u0142a, kt\u00f3re pomagaj\u0105 dziecku zwalczy\u0107 wirusy i bakterie. Plus, dzieci, kt\u00f3re s\u0105 karmione wy\u0142\u0105cznie piersi\u0105 przez pierwsze 4-6 miesi\u0119cy, bez \u017cadnego wzoru, maj\u0105 mniej infekcji ucha, choroby uk\u0142adu oddechowego, a ataki biegunki. Maj\u0105 te\u017c mniej hospitalizacji i wyjazdy do lekarza.Karmienie piersi\u0105 jest zwi\u0105zana z wy\u017cszym IQ w p\u00f3\u017aniejszym dzieci\u0144stwie, w niekt\u00f3rych badaniach. Co wi\u0119cej, fizyczna blisko\u015b\u0107, sk\u00f3ra do sk\u00f3ry kontaktu wzrokowego wzruszaj\u0105c\u0105 i wszystkim pom\u00f3c wi\u0119\u017a dziecka ze sob\u0105 i czu\u0107 si\u0119 bezpiecznie. Niemowl\u0119ta karmione piersi\u0105 s\u0105 bardziej prawdopodobne, aby uzyska\u0107 odpowiedni\u0105 ilo\u015b\u0107 masy, jak rosn\u0105, a nie staj\u0105 si\u0119 dzieci z nadwag\u0105. Dyrekcja Zdrowia m\u00f3wi piersi\u0105 mo\u017ce r\u00f3wnie\u017c odgrywa\u0107 rol\u0119 w zapobieganiu SIDS (zesp\u00f3\u0142 nag\u0142ej \u015bmierci niemowl\u0105t). To uwa\u017cano, aby obni\u017cy\u0107 ryzyko cukrzycy, oty\u0142o\u015bci i niekt\u00f3rych nowotwor\u00f3w, a tak\u017ce, ale potrzebne s\u0105 dalsze badania."
  }
},
{
  "model": "dashboard.contenttr",
  "pk": 5,
  "fields": {
    "language": "PK",
    "content": 1,
    "title": "\u0628\u0686\u06d2 \u06a9\u06d2 \u0644\u0626\u06d2 \u0641\u0648\u0627\u0626\u062f",
    "text": "\u0686\u06be\u0627\u062a\u06cc \u06a9\u06d2 \u062f\u0648\u062f\u06be \u0628\u0686\u0648\u06ba \u06a9\u06d2 \u0644\u0626\u06d2 \u0645\u062b\u0627\u0644\u06cc \u063a\u0630\u0627\u0626\u06cc\u062a \u0641\u0631\u0627\u06c1\u0645 \u06a9\u0631\u062a\u0627 \u06c1\u06d2. \u0622\u067e \u06a9\u06d2 \u0628\u0686\u06d2 \u06a9\u06d2 \u0628\u0691\u06be\u0646\u06d2 \u06a9\u06cc \u0636\u0631\u0648\u0631\u062a \u06c1\u06d2 \u0633\u0628 \u06a9\u0686\u06be \u06c1\u06d2 - \u06cc\u06c1 \u0648\u0679\u0627\u0645\u0646\u060c \u067e\u0631\u0648\u0679\u06cc\u0646\u060c \u0627\u0648\u0631 \u0686\u0631\u0628\u06cc \u06a9\u0627 \u0627\u06cc\u06a9 \u062a\u0642\u0631\u06cc\u0628\u0627 \u06a9\u0627\u0645\u0644 \u0645\u0631\u06a9\u0628 \u06c1\u06d2. \u0627\u0648\u0631 \u06cc\u06c1 \u0633\u0628 \u0632\u06cc\u0627\u062f\u06c1 \u0622\u0633\u0627\u0646\u06cc \u0628\u0686\u06d2 \u0641\u0627\u0631\u0645\u0648\u0644\u06c1 \u0645\u0642\u0627\u0628\u0644\u06d2 \u067e\u0686\u0627 \u0627\u06cc\u06a9 \u0634\u06a9\u0644 \u0645\u06cc\u06ba \u0641\u0631\u0627\u06c1\u0645 \u06a9\u06cc \u06c1\u06d2. \u0686\u06be\u0627\u062a\u06cc \u06a9\u06d2 \u062f\u0648\u062f\u06be \u0627\u067e\u0646\u06d2 \u0628\u0686\u06d2 \u06a9\u0648 \u0648\u0627\u0626\u0631\u0633 \u0627\u0648\u0631 \u0628\u06cc\u06a9\u0679\u06cc\u0631\u06cc\u0627 \u0633\u06d2 \u0644\u0691\u0646\u06d2 \u0645\u06cc\u06ba \u0645\u062f\u062f \u062f\u06cc\u062a\u0627 \u0645\u0627\u0626\u067e\u0646\u0688\u0648\u06ba \u0645\u0634\u062a\u0645\u0644. \u067e\u0644\u0633\u060c \u0628\u0686\u06d2 \u062c\u0648 \u06a9\u0633\u06cc \u0628\u06be\u06cc \u0641\u0627\u0631\u0645\u0648\u0644\u06d2 \u06a9\u06d2 \u0628\u063a\u06cc\u0631\u060c \u0633\u0628 \u0633\u06d2 \u067e\u06c1\u0644\u06d2 4-6 \u0645\u0627\u06c1 \u06a9\u06d2 \u0644\u0626\u06d2 \u062e\u0635\u0648\u0635\u06cc \u0637\u0648\u0631 \u067e\u0631 \u062f\u0648\u062f\u06be \u067e\u06cc\u0627 \u0631\u06c1\u06d2 \u06c1\u06cc\u06ba\u060c \u0627\u0633 \u0633\u06d2 \u06a9\u0645 \u06a9\u0627\u0646 \u0645\u06cc\u06ba \u0627\u0646\u0641\u06cc\u06a9\u0634\u0646\u060c \u0646\u0638\u0627\u0645 \u062a\u0646\u0641\u0633 \u06a9\u06cc \u0628\u06cc\u0645\u0627\u0631\u06cc\u0648\u06ba\u060c \u0627\u0648\u0631 \u0627\u0633\u06c1\u0627\u0644 \u06a9\u06d2 \u0627\u062f\u0648\u0627\u0631 \u06c1\u06d2. \u0627\u0646\u06c1\u0648\u06ba \u0646\u06d2 \u06cc\u06c1 \u0628\u06be\u06cc \u0642\u062f\u0631\u06d2 \u06a9\u0645 \u06c1\u0633\u067e\u062a\u0627\u0644 \u0627\u0648\u0631 \u0688\u0627\u06a9\u0679\u0631 \u06a9\u06d2 \u062f\u0648\u0631\u0648\u06ba \u06c1\u06d2. \u0631\u0636\u0627\u0639\u062a \u06a9\u0686\u06be \u0645\u0637\u0627\u0644\u0639\u06c1 \u0645\u06cc\u06ba \u0628\u0639\u062f \u0645\u06cc\u06ba \u0628\u0686\u067e\u0646 \u0645\u06cc\u06ba \u0632\u06cc\u0627\u062f\u06c1 \u0633\u06a9\u0648\u0631 \u0633\u06d2 \u062c\u0648\u0691\u0627 \u06af\u06cc\u0627 \u06c1\u06d2. \u06a9\u06cc\u0627 \u0632\u06cc\u0627\u062f\u06c1 \u06c1\u06d2\u060c \u062c\u0633\u0645\u0627\u0646\u06cc \u0642\u0631\u0628\u062a\u060c \u062c\u0644\u062f \u06a9\u06d2 \u062c\u0644\u062f \u0633\u06d2 \u0686\u06be\u0648\u0646\u06d2\u060c \u0627\u0648\u0631 \u0622\u0646\u06a9\u06be \u0633\u06d2 \u0631\u0627\u0628\u0637\u06c1 \u06a9\u0631\u06cc\u06ba \u0633\u0628 \u0622\u067e \u06a9\u06d2 \u0633\u0627\u062a\u06be \u0622\u067e \u06a9\u06d2 \u0628\u0686\u06d2 \u0628\u0627\u0646\u0688 \u06a9\u06cc \u0645\u062f\u062f \u0627\u0648\u0631 \u0645\u062d\u0641\u0648\u0638 \u0645\u062d\u0633\u0648\u0633. \u062f\u0648\u062f\u06be \u067e\u06cc\u0627 \u0634\u06cc\u0631\u062e\u0648\u0627\u0631 \u0648\u06c1 \u0628\u0646 \u0632\u06cc\u0627\u062f\u06c1 \u0648\u0632\u0646 \u0648\u0627\u0644\u06d2 \u0628\u0686\u0648\u06ba \u06a9\u06cc \u0628\u062c\u0627\u0626\u06d2 \u0628\u0691\u06be\u0646\u06d2 \u06a9\u06d2 \u0637\u0648\u0631 \u067e\u0631 \u0648\u0632\u0646 \u06a9\u06d2 \u062f\u0627\u0626\u06cc\u06ba \u0631\u0642\u0645 \u062d\u0627\u0635\u0644 \u06a9\u0631\u0646\u06d2 \u06a9\u06d2 \u0627\u0645\u06a9\u0627\u0646\u0627\u062a \u0632\u06cc\u0627\u062f\u06c1 \u06c1\u0648\u062a\u06d2 \u06c1\u06cc\u06ba. \u0635\u062d\u062a \u06a9\u06cc \u0688\u0627\u0626\u0631\u06cc\u06a9\u0679\u0648\u0631\u06cc\u0679 \u062f\u0648\u062f\u06be \u067e\u0644\u0627\u0646\u06d2 \u06a9\u06d2 \u0639\u0644\u0627\u0648\u06c1 \u0645\u06cc\u06ba \u0646\u06d2 \u0627\u06cc\u0633 (\u0627\u0686\u0627\u0646\u06a9 \u0628\u0686\u06d2 \u06a9\u06cc \u0645\u0648\u062a \u0633\u0646\u0688\u0631\u0648\u0645) \u00f0 \u06d2 \u06a9\u06cc \u0631\u0648\u06a9 \u062a\u06be\u0627\u0645 \u0645\u06cc\u06ba \u0627\u06cc\u06a9 \u06a9\u0631\u062f\u0627\u0631 \u0627\u062f\u0627 \u06a9\u0631 \u0633\u06a9\u062a\u06d2 \u06a9\u06c1\u0646\u0627 \u06c1\u06d2 \u06a9\u06c1. \u0627\u0633 \u06a9\u06d2 \u0633\u0627\u062a\u06be \u0633\u0627\u062a\u06be \u0630\u06cc\u0627\u0628\u06cc\u0637\u0633\u060c \u0645\u0648\u0679\u0627\u067e\u0627\u060c \u0627\u0648\u0631 \u0628\u0639\u0636 \u06a9\u06cc\u0646\u0633\u0631 \u06a9\u06d2 \u062e\u0637\u0631\u06d2 \u06a9\u0648 \u06a9\u0645 \u06a9\u0631\u0646\u06d2 \u06a9\u06d2 \u0644\u0626\u06d2 \u0633\u0648\u0686\u0627 \u06af\u06cc\u0627 \u06c1\u06d2\u060c \u0644\u06cc\u06a9\u0646 \u0632\u06cc\u0627\u062f\u06c1 \u062a\u062d\u0642\u06cc\u0642 \u06a9\u06cc \u0636\u0631\u0648\u0631\u062a \u06c1\u06d2."
  }
},
{
  "model": "dashboard.contenttr",
  "pk": 6,
  "fields": {
    "language": "SO",
    "content": 1,
    "title": "Faa iidooyinka naas nuujinta",
    "text": "Caanaha naaska waxay bixisaa nafaqada ugu fiican ee ilmaha yaryar. Waxay leedahay isku jira ku dhawaad \\u200B\\u200Bqumman yahay fiitamiinada, protein, iyo xaydha - wax kasta oo ilmahaagu u baahan yahay si uu u koro. Oo waxaa oo dhan bixinayo foom si fudud ku milmaan badan caanaha budada. Caanaha naaska waxaa ku jira unugyada oo kaa caawin ilmahaaga ay iskaga caabiyaan fayraska iyo bakteeriyada. Plus, ilmaha ayaa caanaha naaska ee 4-6 bilood ee hore, iyada oo aan caanaha kasta, waxay leeyihiin cudurada yar dhegta, cudurrada neef mareenka, oo joog- shuban. Sidoo kale waxay leeyihiin isbitaal yar iyo safarada dhakhtarka.Naas-nuujinta ayaa lala xiriirinayay in ay dhibcaha IQ sare ee carruurnimada dambe ee daraasadaha qaarkood. Waa maxay more, soke ee jirka, maqaarka-to-maqaarka taabashada, iyo indhaha oo dhan caawin debaajigaaga ilmahaaga adiga iyo dareemaan amaan. dhallaanka naaska u badan tahay in ay helaan lacagta saxda ah oo miisaankeedu yahay sidii ay halkii koraan badan carruurta xad dhaaf noqday. Agaasinka Caafimaadka ayaa sheegay in naas-nuujinta sidoo kale ka ciyaari karaa doorka ah ee ka hortagga SIDS (Infant Death Syndrome). Waxaa loo maleynayay in ay hoos u halista ah ee macaanka, cayilka, iyo kansarada qaar iyo sidoo, laakiin waxaa loo baahan yahay cilmi-baaris dheeraad ah."
  }
},
{
  "model": "dashboard.contenttr",
  "pk": 7,
  "fields": {
    "language": "LT",
    "content": 1,
    "title": "Privalumai \u017eindymo",
    "text": "Motinos pienas yra idealus mitybos k\u016bdikiams. Ji beveik tobulas derinys vitamin\u0173, baltym\u0173, ir riebal\u0173 - viskas j\u016bs\u0173 k\u016bdikis turi augti. Ir visa tai pateikiama tokia forma daugiau lengvai vir\u0161kinamas nei k\u016bdiki\u0173 formul\u0119. Motinos pienas yra antik\u016bn\u0173, kurie padeda j\u016bs\u0173 k\u016bdikis atsikratyti virus\u0173 ir bakterij\u0173. Be to, k\u016bdikiai, kurie maitinami tik motinos pienu per pirmuosius 4-6 m\u0117nesius, be joki\u0173 formul\u0119, turi ma\u017eiau aus\u0173 infekcijas, kv\u0117pavimo tak\u0173 ligas, ir seans\u0173 viduriavimas. Jie taip pat turi ma\u017eiau hospitalizacijos ir keliones \u012f gydytoj\u0105. \u017dindymas buvo susij\u0119s su auk\u0161tojo IQ balai v\u0117liau vaikyst\u0117s kai kuri\u0173 tyrim\u0173. Kas daugiau, fizinis artumas, odos prie-odos neliesti, ir akis visa tai pad\u0117s j\u016bs\u0173 k\u016bdikio ry\u0161\u012f su jumis ir jaustis saugus. \u017dindomiems k\u016bdikiams, yra labiau link\u0119 \u012fgyti reikiam\u0105 kiek\u012f svorio, kaip jie auga, o ne tapti antsvorio vaikams. Sveikatos direktoratas sako \u017eindymas taip pat gali vaidinti vaidmen\u012f morg\u0105 (staigus k\u016bdiki\u0173 mirties sindromas) prevencijai. Tai buvo manoma, kad suma\u017einti diabeto, nutukimo, ir tam tikr\u0173 v\u0117\u017eio form\u0173 rizik\u0105, taip pat, bet reikia daugiau mokslini\u0173 tyrim\u0173."
  }
},
{
  "model": "dashboard.contenttr",
  "pk": 8,
  "fields": {
    "language": "GB",
    "content": 2,
    "title": "Preparation for breastfeeding",
    "text": "The most important preparation is that you know yourself that you want to breastfeed. It can be difficult starting, but there is advice for the most part."
  }
},
{
  "model": "dashboard.contenttr",
  "pk": 9,
  "fields": {
    "language": "NO",
    "content": 2,
    "title": "Forberedelse til amming",
    "text": "Den viktigste forberedelsen er at du kjenner deg selv som du \u00f8nsker \u00e5 amme. Det kan v\u00e6re vanskelig start, men det er r\u00e5d for det meste."
  }
},
{
  "model": "dashboard.contenttr",
  "pk": 10,
  "fields": {
    "language": "SA",
    "content": 2,
    "title": "\u0627\u0633\u062a\u0639\u062f\u0627\u062f\u0627 \u0644\u0644\u0631\u0636\u0627\u0639\u0629",
    "text": "\u0625\u0639\u062f\u0627\u062f \u0627\u0644\u0623\u0643\u062b\u0631 \u0623\u0647\u0645\u064a\u0629 \u0647\u0648 \u0623\u0646 \u062a\u0639\u0631\u0641 \u0646\u0641\u0633\u0643 \u0623\u0646\u0643 \u062a\u0631\u064a\u062f \u0623\u0646 \u0627\u0644\u0631\u0636\u0627\u0639\u0629 \u0627\u0644\u0637\u0628\u064a\u0639\u064a\u0629. \u0648\u064a\u0645\u0643\u0646 \u0623\u0646 \u064a\u0643\u0648\u0646 \u0628\u062f\u0627\u064a\u0629 \u0635\u0639\u0628\u0629\u060c \u0648\u0644\u0643\u0646 \u0647\u0646\u0627\u0643 \u0627\u0644\u0645\u0634\u0648\u0631\u0629 \u0628\u0627\u0644\u0646\u0633\u0628\u0629 \u0644\u0644\u062c\u0632\u0621 \u0627\u0644\u0623\u0643\u0628\u0631."
  }
},
{
  "model": "dashboard.contenttr",
  "pk": 11,
  "fields": {
    "language": "PL",
    "content": 2,
    "title": "Przygotowanie do karmienia piersi\u0105",
    "text": "Najwa\u017cniejszy jest fakt, \u017ce preparat sama wiesz, \u017ce chcesz karmi\u0107 piersi\u0105. To mo\u017ce by\u0107 trudne wyj\u015bcia, ale jest rada dla wi\u0119kszo\u015bci."
  }
},
{
  "model": "dashboard.contenttr",
  "pk": 12,
  "fields": {
    "language": "PK",
    "content": 2,
    "title": "\u062f\u0648\u062f\u06be \u067e\u0644\u0627\u0646\u06d2 \u06a9\u06d2 \u0644\u0626\u06d2 \u062a\u06cc\u0627\u0631\u06cc",
    "text": "\u0633\u0628 \u0633\u06d2 \u0627\u06c1\u0645 \u062a\u06cc\u0627\u0631\u06cc \u062a\u0645 \u0627\u067e\u0646\u06d2 \u0622\u067e \u06a9\u0648 \u0645\u0639\u0644\u0648\u0645 \u06c1\u06d2 \u06a9\u06c1 \u062a\u0645 \u06a9\u0648 \u062f\u0648\u062f\u06be \u067e\u0644\u0627\u0646\u0627 \u0686\u0627\u06c1\u062a\u06d2 \u06c1\u06cc\u06ba. \u06cc\u06c1 \u0645\u0634\u06a9\u0644 \u0627\u063a\u0627\u0632 \u06c1\u0648 \u0633\u06a9\u062a\u0627 \u06c1\u06d2\u060c \u0644\u06cc\u06a9\u0646 \u0633\u0628 \u0633\u06d2 \u0632\u06cc\u0627\u062f\u06c1 \u062d\u0635\u06c1 \u06a9\u06d2 \u0644\u0626\u06d2 \u0645\u0634\u0648\u0631\u06c1 \u06c1\u06d2."
  }
},
{
  "model": "dashboard.contenttr",
  "pk": 13,
  "fields": {
    "language": "SO",
    "content": 2,
    "title": "Diyaarinta waayo naasnuujinta",
    "text": "The diyaarinta ugu muhiimsan waa in aad naftaada og nahay in aad rabto in aad naaska. Waxay noqon kartaa laga bilaabo adag, laakiin waxaa jira talo qaybta ugu."
  }
},
{
  "model": "dashboard.contenttr",
  "pk": 14,
  "fields": {
    "language": "LT",
    "content": 2,
    "title": "Pasirengimas \u017eindymo",
    "text": "Svarbiausia preparatas yra, kad j\u016bs \u017einote, sau, kad j\u016bs norite \u017eindyti. Jis gali b\u016bti sunku i\u0161eities, bet yra konsultacijos did\u017ei\u0105ja dalimi."
  }
},
{
  "model": "dashboard.contenttr",
  "pk": 15,
  "fields": {
    "language": "GB",
    "content": 3,
    "title": "Preparation for breastfeeding",
    "text": "If you have not breastfed before, you may have questions about certain things, such as whether the breasts or breast bud the shape does not matter, whether you can breastfeed despite breast operations, the ability to breastfeed can be inherited or what you can or should eat and drink. On most issues, there are answers."
  }
},
{
  "model": "dashboard.contenttr",
  "pk": 16,
  "fields": {
    "language": "NO",
    "content": 3,
    "title": "Forberedelse til amming",
    "text": "Hvis du ikke har ammet f\u00f8r, kan du har sp\u00f8rsm\u00e5l om visse ting, for eksempel om brystene eller bryst knopp form spiller ingen rolle, om du kan amme tross brystoperasjoner, evnen til \u00e5 amme kan v\u00e6re arvelig eller hva du kan eller b\u00f8r spise og drikke. P\u00e5 de fleste saker, det er svar."
  }
},
{
  "model": "dashboard.contenttr",
  "pk": 17,
  "fields": {
    "language": "SA",
    "content": 3,
    "title": "\u0627\u0633\u062a\u0639\u062f\u0627\u062f\u0627 \u0644\u0644\u0631\u0636\u0627\u0639\u0629",
    "text": "\u0625\u0630\u0627 \u0644\u0645 \u062a\u0643\u0646 \u0627\u0644\u0631\u0636\u0627\u0639\u0629 \u0627\u0644\u0637\u0628\u064a\u0639\u064a\u0629 \u0642\u0628\u0644\u060c \u0642\u062f \u064a\u0643\u0648\u0646 \u0644\u062f\u064a\u0643 \u062a\u0633\u0627\u0624\u0644\u0627\u062a \u062d\u0648\u0644 \u0628\u0639\u0636 \u0627\u0644\u0623\u0645\u0648\u0631\u060c \u0645\u062b\u0644 \u0645\u0627 \u0625\u0630\u0627 \u0643\u0627\u0646 \u0627\u0644\u062b\u062f\u064a \u0623\u0648 \u0627\u0644\u062b\u062f\u064a \u0628\u0631\u0639\u0645 \u0627\u0644\u0634\u0643\u0644 \u0644\u0627 \u064a\u0647\u0645\u060c \u0645\u0627 \u0625\u0630\u0627 \u0643\u0627\u0646 \u064a\u0645\u0643\u0646\u0643 \u0625\u0631\u0636\u0627\u0639 \u0631\u063a\u0645 \u0639\u0645\u0644\u064a\u0627\u062a \u0627\u0644\u062b\u062f\u064a\u060c \u0648\u0627\u0644\u0642\u062f\u0631\u0629 \u0639\u0644\u0649 \u0627\u0644\u0631\u0636\u0627\u0639\u0629 \u0627\u0644\u0637\u0628\u064a\u0639\u064a\u0629 \u064a\u0645\u0643\u0646 \u0623\u0646 \u062a\u0643\u0648\u0646 \u0648\u0631\u0627\u062b\u064a\u0629 \u0623\u0648 \u0645\u0627 \u064a\u0645\u0643\u0646 \u0623\u0648 \u064a\u0646\u0628\u063a\u064a \u0623\u0643\u0644 \u0648 \u0627\u0634\u0631\u0628. \u0641\u064a \u0645\u0639\u0638\u0645 \u0627\u0644\u0642\u0636\u0627\u064a\u0627\u060c \u0647\u0646\u0627\u0643 \u0625\u062c\u0627\u0628\u0627\u062a."
  }
},
{
  "model": "dashboard.contenttr",
  "pk": 18,
  "fields": {
    "language": "PL",
    "content": 3,
    "title": "Przygotowanie do karmienia piersi\u0105",
    "text": "Je\u015bli nie karmione piersi\u0105 przed, mo\u017ce masz pytania dotycz\u0105ce pewnych rzeczy, takich jak: czy piersi lub piersi p\u0105czek kszta\u0142t nie ma znaczenia, czy mo\u017cna karmi\u0107 piersi\u0105 pomimo operacji piersi, zdolno\u015b\u0107 do karmienia piersi\u0105 mog\u0105 by\u0107 dziedziczone lub co mo\u017ce lub powinna je\u015b\u0107 i pi\u0107. W wi\u0119kszo\u015bci spraw, istniej\u0105 odpowiedzi."
  }
},
{
  "model": "dashboard.contenttr",
  "pk": 19,
  "fields": {
    "language": "PK",
    "content": 3,
    "title": "\u062f\u0648\u062f\u06be \u067e\u0644\u0627\u0646\u06d2 \u06a9\u06d2 \u0644\u0626\u06d2 \u062a\u06cc\u0627\u0631\u06cc",
    "text": "\u062a\u0645 \u0633\u06d2 \u067e\u06c1\u0644\u06d2 \u062f\u0648\u062f\u06be \u067e\u06cc\u0627 \u0646\u06c1\u06cc\u06ba \u06c1\u0648\u0627 \u06c1\u06d2 \u062a\u0648\u060c \u0622\u067e \u0627\u0633 \u0637\u0631\u062d \u06a9\u06d2 \u0633\u06cc\u0646\u0648\u06ba \u06cc\u0627 \u0686\u06be\u0627\u062a\u06cc \u0628\u0688 \u0686\u0627\u06c1\u06d2 \u0634\u06a9\u0644 \u06a9\u0648\u0626\u06cc \u0641\u0631\u0642 \u0646\u06c1\u06cc\u06ba \u06c1\u06d2\u060c \u0622\u067e \u06a9\u0648 \u0686\u06be\u0627\u062a\u06cc \u06a9\u06cc \u06a9\u0627\u0631\u0631\u0648\u0627\u0626\u06cc\u0648\u06ba \u06a9\u06d2 \u0628\u0627\u0648\u062c\u0648\u062f \u062f\u0648\u062f\u06be \u067e\u0644\u0627\u0646\u0627 \u06a9\u0631 \u0633\u06a9\u062a\u0627 \u06c1\u06d2 \u06cc\u0627\u060c \u062f\u0648\u062f\u06be \u067e\u0644\u0627\u0646\u06d2 \u06a9\u06d2 \u0644\u0626\u06d2 \u06a9\u06cc \u0635\u0644\u0627\u062d\u06cc\u062a \u06a9\u0648 \u0648\u0631\u0627\u062b\u062a \u0645\u06cc\u06ba \u0645\u0644\u0627 \u062c\u0627 \u0633\u06a9\u062a\u0627 \u06c1\u06d2 \u06cc\u0627 \u06a9\u06cc\u0627 \u0622\u067e \u06a9\u0631 \u0633\u06a9\u062a\u06d2 \u06cc\u0627 \u06a9\u0631\u0646\u0627 \u0686\u0627\u06c1\u0626\u06d2 \u06a9\u0686\u06be \u0686\u06cc\u0632\u06cc\u06ba \u06a9\u06d2 \u0628\u0627\u0631\u06d2 \u0645\u06cc\u06ba \u0633\u0648\u0627\u0644\u0627\u062a\u060c \u06c1\u0648 \u0633\u06a9\u062a\u0627 \u06c1\u06d2 \u06a9\u06be\u0627\u0624 \u0627\u0648\u0631 \u067e\u06cc\u0648. \u0633\u0628 \u0633\u06d2 \u0632\u06cc\u0627\u062f\u06c1 \u0645\u0633\u0627\u0626\u0644 \u067e\u0631 \u062c\u0648\u0627\u0628 \u0646\u06c1\u06cc\u06ba \u06c1\u06cc\u06ba."
  }
},
{
  "model": "dashboard.contenttr",
  "pk": 20,
  "fields": {
    "language": "SO",
    "content": 3,
    "title": "Diyaarinta waayo naasnuujinta",
    "text": "Haddii aadan naaska ka hor, waxaa laga yaabaa inaad qabtid su aalo ku saabsan waxyaabaha qaarkood, sida in naasaha ama naaska magooli qaabka dhib ma laha, haddii aad naas karo inkastoo hawlgallada naaska, awood u leh inay naaska la iska dhaxli karo ama waxa aad awoodo ama waa bay cunaan oo cabbaan. On arrimaha ugu, waxaa jira jawaabo."
  }
},
{
  "model": "dashboard.contenttr",
  "pk": 21,
  "fields": {
    "language": "LT",
    "content": 3,
    "title": "Pasirengimas \u017eindymo",
    "text": "Jei neturite kr\u016btimi, prie\u0161, galb\u016bt turite klausim\u0173 apie tam tikrus dalykus, pavyzd\u017eiui, ar kr\u016btys ar kr\u016bties bud formos nesvarbu, ar galite maitinti kr\u016btimi, nepaisant kr\u016bt\u0173 operacij\u0173, geb\u0117jimas \u017eindyti gali b\u016bti paveldima arba k\u0105 gali ar tur\u0117t\u0173 valgyti ir gerti. Daugeliu klausim\u0173, yra atsakymus."
  }
},
{
  "model": "dashboard.contenttr",
  "pk": 22,
  "fields": {
    "language": "GB",
    "content": 4,
    "title": "Preparation for breastfeeding",
    "text": "Some women are worried about breast buds their are too big, too small or too flat to trouble breastfeeding. The shape of the breast buds does not really matter as long as they and tissue surrounding them are stretchy. On rare occasions they are called introspective and slips away when you try to pull them out. But this does not necessarily preclude successful breastfeeding."
  }
},
{
  "model": "dashboard.contenttr",
  "pk": 23,
  "fields": {
    "language": "NO",
    "content": 4,
    "title": "Forberedelse til amming",
    "text": "Noen kvinner er bekymret for brystknopper deres er for store, for sm\u00e5 eller for flat til problemer amming. Formen p\u00e5 brystknopper spiller egentlig ingen rolle s\u00e5 lenge de og vevet rundt dem er stretchy. I sjeldne tilfeller blir de kalt innadvendte og glipper unna n\u00e5r du pr\u00f8ver \u00e5 trekke dem ut. Men dette betyr ikke n\u00f8dvendigvis utelukker vellykket amming."
  }
},
{
  "model": "dashboard.contenttr",
  "pk": 24,
  "fields": {
    "language": "SA",
    "content": 4,
    "title": "\u0627\u0633\u062a\u0639\u062f\u0627\u062f\u0627 \u0644\u0644\u0631\u0636\u0627\u0639\u0629",
    "text": "\u0628\u0639\u0636 \u0627\u0644\u0646\u0633\u0627\u0621 \u0642\u0644\u0642\u0648\u0646 \u0628\u0631\u0627\u0639\u0645 \u0627\u0644\u062b\u062f\u064a \u0647\u064a \u0643\u0628\u064a\u0631\u0629 \u062c\u062f\u0627\u060c \u0635\u063a\u064a\u0631\u0629 \u062c\u062f\u0627 \u062c\u062f\u0627 \u0623\u0648 \u0634\u0642\u0629 \u0644\u0645\u0634\u0643\u0644\u0629 \u0627\u0644\u0631\u0636\u0627\u0639\u0629 \u0627\u0644\u0637\u0628\u064a\u0639\u064a\u0629. \u0634\u0643\u0644 \u0628\u0631\u0627\u0639\u0645 \u0627\u0644\u062b\u062f\u064a \u0644\u0627 \u064a\u0647\u0645 \u062d\u0642\u0627 \u0637\u0627\u0644\u0645\u0627 \u0623\u0646\u0647\u0627 \u0648\u0627\u0644\u0623\u0646\u0633\u062c\u0629 \u0627\u0644\u0645\u062d\u064a\u0637\u0629 \u0628\u0647\u0627 \u0648\u0628\u0633\u0637. \u0641\u064a \u0645\u0646\u0627\u0633\u0628\u0627\u062a \u0646\u0627\u062f\u0631\u0629 \u064a\u0637\u0644\u0642 \u0639\u0644\u064a\u0647\u0627 \u0627\u0644\u0627\u0633\u062a\u0642\u0631\u0627\u0621 \u0648\u064a\u0646\u0632\u0644\u0642 \u0628\u0639\u064a\u062f\u0627 \u0639\u0646\u062f\u0645\u0627 \u062d\u0627\u0648\u0644\u062a \u062a\u0633\u062d\u0628\u0647\u0645. \u0648\u0644\u0643\u0646 \u0647\u0630\u0627 \u0644\u0627 \u064a\u0645\u0646\u0639 \u0628\u0627\u0644\u0636\u0631\u0648\u0631\u0629 \u0627\u0644\u0631\u0636\u0627\u0639\u0629 \u0627\u0644\u0637\u0628\u064a\u0639\u064a\u0629 \u0627\u0644\u0646\u0627\u062c\u062d\u0629."
  }
},
{
  "model": "dashboard.contenttr",
  "pk": 25,
  "fields": {
    "language": "PL",
    "content": 4,
    "title": "Przygotowanie do karmienia piersi\u0105",
    "text": "Niekt\u00f3re kobiety s\u0105 zaniepokojeni ich p\u0105ki piersi s\u0105 za du\u017ce, za ma\u0142e lub zbyt p\u0142aska do bezproblemowego karmienia piersi\u0105. Kszta\u0142t p\u0105czk\u00f3w piersi naprawd\u0119 nie ma znaczenia tak d\u0142ugo, jak i tkanki wok\u00f3\u0142 nich s\u0105 rozci\u0105gliwe. W rzadkich przypadkach s\u0105 one nazywane introspekcji i wymyka si\u0119 podczas pr\u00f3by je wysun\u0105\u0107. Ale to nie wyklucza udanego karmienia piersi\u0105."
  }
},
{
  "model": "dashboard.contenttr",
  "pk": 26,
  "fields": {
    "language": "PK",
    "content": 4,
    "title": "\u062f\u0648\u062f\u06be \u067e\u0644\u0627\u0646\u06d2 \u06a9\u06d2 \u0644\u0626\u06d2 \u062a\u06cc\u0627\u0631\u06cc",
    "text": "\u06a9\u0686\u06be \u062e\u0648\u0627\u062a\u06cc\u0646 \u0645\u06cc\u06ba \u0686\u06be\u0627\u062a\u06cc \u06a9\u06d2 \u06a9\u0644\u06cc\u0648\u06ba \u06a9\u06d2 \u0628\u0627\u0631\u06d2 \u0645\u06cc\u06ba \u0641\u06a9\u0631 \u0645\u0646\u062f \u06c1\u06cc\u06ba \u0627\u0646 \u06a9\u06d2\u060c \u0628\u06c1\u062a \u0628\u0691\u0627 \u0627\u0648\u0631 \u0628\u06c1\u062a \u0686\u06be\u0648\u0679\u0627 \u06cc\u0627 \u0645\u0635\u06cc\u0628\u062a \u062f\u0648\u062f\u06be \u067e\u0644\u0627\u0646\u06d2 \u06a9\u06d2 \u0644\u0626\u06d2 \u0628\u06c1\u062a \u0641\u0644\u06cc\u0679 \u06c1\u06cc\u06ba. \u0686\u06be\u0627\u062a\u06cc \u06a9\u06d2 \u06a9\u0644\u06cc\u0648\u06ba \u06a9\u06cc \u0634\u06a9\u0644 \u0648\u0627\u0642\u0639\u06cc \u06a9\u0648\u0626\u06cc \u0641\u0631\u0642 \u062c\u0628 \u062a\u06a9 \u0648\u06c1 \u0627\u0648\u0631 \u0627\u0646 \u06a9\u06d2 \u0627\u0631\u062f \u06af\u0631\u062f \u06a9\u06d2 \u0679\u0634\u0648 \u0644\u0686\u06a9\u06cc\u0644\u0627 \u06c1\u06cc\u06ba \u06a9\u06d2 \u0637\u0648\u0631 \u067e\u0631 \u0646\u06c1\u06cc\u06ba \u06a9\u0631\u062a\u0627. \u0646\u0627\u062f\u0631 \u0645\u0648\u0627\u0642\u0639 \u067e\u0631 \u0648\u06c1 \u0645\u0646\u0646\u0634\u06cc\u0644 \u0628\u0644\u0627\u06cc\u0627 \u0627\u0648\u0631 \u062a\u0645 \u0646\u06d2 \u0627\u0646 \u06a9\u0648 \u0628\u0627\u06c1\u0631 \u0646\u06a9\u0627\u0644\u0646\u06d2 \u06a9\u06cc \u06a9\u0648\u0634\u0634 \u06a9\u0631\u06cc\u06ba \u062c\u0628 \u062f\u0648\u0631 \u062a\u062e\u0645 \u0631\u06c1\u06d2 \u06c1\u06cc\u06ba. \u0644\u06cc\u06a9\u0646 \u06cc\u06c1 \u0636\u0631\u0648\u0631\u06cc \u06a9\u0627\u0645\u06cc\u0627\u0628 \u062f\u0648\u062f\u06be \u067e\u0644\u0627\u0646\u06d2 \u0628\u0646\u062f \u06a9\u0631\u0646\u0627 \u0646\u06c1\u06cc\u06ba \u06c1\u06d2."
  }
},
{
  "model": "dashboard.contenttr",
  "pk": 27,
  "fields": {
    "language": "SO",
    "content": 4,
    "title": "Diyaarinta waayo naasnuujinta",
    "text": "Dumarka qaarkood ka walwalsan tahay hari naaska waa mid aad u weyn, aad u yar ama aad u guri si dhib naas-nuujinta. Qaabka uu ku hari naaska ma run ahaantii arrinta inta ay iyaga iyo nudaha ku hareereysan yihiin stretchy. Marar dhif ah waxaa la yidhaahdaa, u fiirsasho iyo iska daabka marka aad isku daydo in Iyaga u soo bixi. Laakiin tani ma uusan daruuri joogsanayn, naas-nuujinta si guul leh."
  }
},
{
  "model": "dashboard.contenttr",
  "pk": 28,
  "fields": {
    "language": "LT",
    "content": 4,
    "title": "Pasirengimas \u017eindymo",
    "text": "Kai kurios moterys yra susir\u016bpin\u0119 kr\u016bties pumpur\u0173 j\u0173 yra per didelis, per ma\u017eas arba per butas problem\u0173 maitinant kr\u016btimi. Kr\u016bties pumpur\u0173 forma tikrai ne klausimas, kaip ilgai, kaip jie ir audini\u0173 aplink jas yra tampri. Retais atvejais jie vadinami kontempliatyvus ir \u016bgliai toli, kai bandote juos i\u0161traukti. Bet tai neb\u016btinai u\u017ekerta keli\u0105 s\u0117kming\u0105 \u017eindym\u0105."
  }
},
{
  "model": "dashboard.contenttr",
  "pk": 29,
  "fields": {
    "language": "GB",
    "content": 5,
    "title": "Preparation for breastfeeding",
    "text": "Some women find that they get gestational streaks (striae) on the breasts, which you can also get the stomach and thighs. Some believe that such streaks can be prevented if one massaging the skin lightly with egg, olive oil or lotion. The effect is not scientifically proven, but this old wives tale is at least both conveniently and harmless."
  }
},
{
  "model": "dashboard.contenttr",
  "pk": 30,
  "fields": {
    "language": "NO",
    "content": 5,
    "title": "Forberedelse til amming",
    "text": "Noen kvinner opplever at de f\u00e5r svangerskaps striper (striae) p\u00e5 brystene, noe som du ogs\u00e5 kan f\u00e5 magen og l\u00e5rene. Noen mener at slike striper kan forebygges hvis man masserer huden lett med egg, olivenolje eller lotion. Effekten er ikke vitenskapelig bevist, men denne gamle kjerringr\u00e5det er minst b\u00e5de praktisk og ufarlig."
  }
},
{
  "model": "dashboard.contenttr",
  "pk": 31,
  "fields": {
    "language": "SA",
    "content": 5,
    "title": "\u0627\u0633\u062a\u0639\u062f\u0627\u062f\u0627 \u0644\u0644\u0631\u0636\u0627\u0639\u0629",
    "text": "\u062a\u062c\u062f \u0628\u0639\u0636 \u0627\u0644\u0646\u0633\u0627\u0621 \u0623\u0646 \u062a\u062d\u0635\u0644 \u0627\u0644\u0634\u0631\u0627\u0626\u0637 \u0627\u0644\u062d\u0645\u0644 (\u0627\u0644\u0633\u0637\u0648\u0631) \u0639\u0644\u0649 \u0627\u0644\u0635\u062f\u0648\u0631\u060c \u0648\u0627\u0644\u0630\u064a \u064a\u0645\u0643\u0646\u0643 \u0623\u064a\u0636\u0627 \u0627\u0644\u062d\u0635\u0648\u0644 \u0639\u0644\u0649 \u0627\u0644\u0645\u0639\u062f\u0629 \u0648\u0627\u0644\u0641\u062e\u0630\u064a\u0646. \u064a\u0639\u062a\u0642\u062f \u0627\u0644\u0628\u0639\u0636 \u0623\u0646 \u0647\u0630\u0647 \u0627\u0644\u0634\u0631\u0627\u0626\u0637 \u064a\u0645\u0643\u0646 \u0645\u0646\u0639\u0647\u0627 \u0625\u0630\u0627 \u0643\u0627\u0646 \u0623\u062d\u062f \u062a\u062f\u0644\u064a\u0643 \u0627\u0644\u0628\u0634\u0631\u0629 \u0628\u0631\u0641\u0642 \u0645\u0639 \u0627\u0644\u0628\u064a\u0636 \u0648\u0632\u064a\u062a \u0627\u0644\u0632\u064a\u062a\u0648\u0646 \u0623\u0648 \u0645\u062d\u0644\u0648\u0644. \u0644\u0645 \u064a\u062b\u0628\u062a \u0639\u0644\u0645\u064a\u0627 \u062a\u0623\u062b\u064a\u0631\u060c \u0648\u0644\u0643\u0646 \u0642\u0635\u0629 \u0647\u0630\u0627 \u0639\u062c\u0627\u0626\u0632 \u0639\u0644\u0649 \u0627\u0644\u0623\u0642\u0644 \u0639\u0644\u0649 \u062d\u062f \u0633\u0648\u0627\u0621 \u0645\u0631\u064a\u062d \u0648\u063a\u064a\u0631 \u0636\u0627\u0631\u0629."
  }
},
{
  "model": "dashboard.contenttr",
  "pk": 32,
  "fields": {
    "language": "PL",
    "content": 5,
    "title": "Przygotowanie do karmienia piersi\u0105",
    "text": "Niekt\u00f3re kobiety uwa\u017caj\u0105, \u017ce si\u0119 na nich smugi ci\u0105\u017cow\u0105 (rozst\u0119py) na piersi, kt\u00f3re mo\u017cna r\u00f3wnie\u017c uzyska\u0107 brzucha i ud. Niekt\u00f3rzy uwa\u017caj\u0105, \u017ce takie pasy mog\u0105 by\u0107 mo\u017cliwa, gdy jedna masowanie sk\u00f3ry delikatnie jajka, olej z oliwek lub p\u0142ynu. Efekt nie jest udowodnione naukowo, ale historia tego starego \u017con jest co najmniej zar\u00f3wno wygodnie i nieszkodliwe."
  }
},
{
  "model": "dashboard.contenttr",
  "pk": 33,
  "fields": {
    "language": "SO",
    "content": 5,
    "title": "Diyaarinta waayo naasnuujinta",
    "text": "Dumarka qaarkood ka heli in ay hesho oo xariijimo uurka (gubtey) on laabta, oo waxaad sidoo kale ka heli kartaa caloosha iyo bowdyaha. Qaar ka mid ah waxay aaminsan yihiin in xariijimo sida looga hortegi karaa haddii qof salsalaaxdo maqaarka khafiif ah beed, oo saliid saytuun ah ama looshan. Saamaynta waa cilmi aan la xaqiijiyay, laakiin Sheeko this naagood jir waa ugu yaraan labada ku haboon oo u sir la aada."
  }
},
{
  "model": "dashboard.contenttr",
  "pk": 34,
  "fields": {
    "language": "LT",
    "content": 5,
    "title": "Pasirengimas \u017eindymo",
    "text": "Kai kurios moterys mano, kad jie gauna gestacinis dry\u017eeliais (laim\u0117je) d\u0117l kr\u016bt\u0173, o taip pat galite gauti skrand\u017eio ir \u0161laun\u0173. Vieni mano, kad tokie ruo\u017eai gali b\u016bti u\u017ekirstas kelias, jei vienas masa\u017euoti od\u0105 \u0161velniai su kiau\u0161inio, alyvuogi\u0173 aliejaus ar losjonu. Poveikis n\u0117ra moksli\u0161kai \u012frodyta, bet tai bob\u0173 pasakos yra bent tiek patogiai ir nekenksmingas."
  }
},
{
  "model": "dashboard.profile",
  "pk": 1,
  "fields": {
    "user": [
      "rernande"
    ],
    "avatar": "face-0.jpg",
    "description": "Lamborghini Mercy, Your chick she so thirsty, I'm in that two seat Lambo.",
    "company": "",
    "address": "Bld Mihail Kogalniceanu, nr. 8 Bl 1, Sc 1, Ap 09",
    "postal_code": "",
    "country": "FR",
    "city": ""
  }
},
{
  "model": "dashboard.profile",
  "pk": 2,
  "fields": {
    "user": [
      "lelin"
    ],
    "avatar": "face-0.jpg",
    "description": "",
    "company": "",
    "address": "",
    "postal_code": "",
    "country": "",
    "city": ""
  }
},
{
  "model": "admin.logentry",
  "pk": 1,
  "fields": {
    "action_time": "2017-02-07T15:50:00.134Z",
    "user": [
      "rernande"
    ],
    "content_type": [
      "home",
      "language"
    ],
    "object_id": "NO",
    "object_repr": "Language object",
    "action_flag": 1,
    "change_message": "[{\"added\": {}}]"
  }
},
{
  "model": "admin.logentry",
  "pk": 2,
  "fields": {
    "action_time": "2017-02-07T15:52:20.711Z",
    "user": [
      "rernande"
    ],
    "content_type": [
      "home",
      "language"
    ],
    "object_id": "GB",
    "object_repr": "Language object",
    "action_flag": 1,
    "change_message": "[{\"added\": {}}]"
  }
},
{
  "model": "admin.logentry",
  "pk": 3,
  "fields": {
    "action_time": "2017-02-07T15:53:14.291Z",
    "user": [
      "rernande"
    ],
    "content_type": [
      "home",
      "language"
    ],
    "object_id": "PL",
    "object_repr": "Language object",
    "action_flag": 1,
    "change_message": "[{\"added\": {}}]"
  }
},
{
  "model": "admin.logentry",
  "pk": 4,
  "fields": {
    "action_time": "2017-02-07T15:53:32.006Z",
    "user": [
      "rernande"
    ],
    "content_type": [
      "home",
      "language"
    ],
    "object_id": "SO",
    "object_repr": "Language object",
    "action_flag": 1,
    "change_message": "[{\"added\": {}}]"
  }
},
{
  "model": "admin.logentry",
  "pk": 5,
  "fields": {
    "action_time": "2017-02-07T16:00:35.425Z",
    "user": [
      "rernande"
    ],
    "content_type": [
      "home",
      "language"
    ],
    "object_id": "LT",
    "object_repr": "Language object",
    "action_flag": 1,
    "change_message": "[{\"added\": {}}]"
  }
},
{
  "model": "admin.logentry",
  "pk": 6,
  "fields": {
    "action_time": "2017-02-07T16:03:09.965Z",
    "user": [
      "rernande"
    ],
    "content_type": [
      "home",
      "language"
    ],
    "object_id": "PK",
    "object_repr": "Language object",
    "action_flag": 1,
    "change_message": "[{\"added\": {}}]"
  }
},
{
  "model": "admin.logentry",
  "pk": 7,
  "fields": {
    "action_time": "2017-02-07T16:05:57.996Z",
    "user": [
      "rernande"
    ],
    "content_type": [
      "home",
      "language"
    ],
    "object_id": "AE",
    "object_repr": "Language object",
    "action_flag": 1,
    "change_message": "[{\"added\": {}}]"
  }
},
{
  "model": "admin.logentry",
  "pk": 8,
  "fields": {
    "action_time": "2017-02-07T16:43:42.971Z",
    "user": [
      "rernande"
    ],
    "content_type": [
      "home",
      "period"
    ],
    "object_id": "1",
    "object_repr": "Period object",
    "action_flag": 1,
    "change_message": "[{\"added\": {}}]"
  }
},
{
  "model": "admin.logentry",
  "pk": 9,
  "fields": {
    "action_time": "2017-02-07T16:43:50.808Z",
    "user": [
      "rernande"
    ],
    "content_type": [
      "home",
      "period"
    ],
    "object_id": "2",
    "object_repr": "Period object",
    "action_flag": 1,
    "change_message": "[{\"added\": {}}]"
  }
},
{
  "model": "admin.logentry",
  "pk": 10,
  "fields": {
    "action_time": "2017-02-07T16:43:59.138Z",
    "user": [
      "rernande"
    ],
    "content_type": [
      "home",
      "period"
    ],
    "object_id": "3",
    "object_repr": "Period object",
    "action_flag": 1,
    "change_message": "[{\"added\": {}}]"
  }
},
{
  "model": "admin.logentry",
  "pk": 11,
  "fields": {
    "action_time": "2017-02-07T16:44:06.619Z",
    "user": [
      "rernande"
    ],
    "content_type": [
      "home",
      "period"
    ],
    "object_id": "4",
    "object_repr": "Period object",
    "action_flag": 1,
    "change_message": "[{\"added\": {}}]"
  }
},
{
  "model": "admin.logentry",
  "pk": 12,
  "fields": {
    "action_time": "2017-02-07T16:44:13.934Z",
    "user": [
      "rernande"
    ],
    "content_type": [
      "home",
      "period"
    ],
    "object_id": "5",
    "object_repr": "Period object",
    "action_flag": 1,
    "change_message": "[{\"added\": {}}]"
  }
},
{
  "model": "admin.logentry",
  "pk": 13,
  "fields": {
    "action_time": "2017-02-07T16:44:21.776Z",
    "user": [
      "rernande"
    ],
    "content_type": [
      "home",
      "period"
    ],
    "object_id": "6",
    "object_repr": "Period object",
    "action_flag": 1,
    "change_message": "[{\"added\": {}}]"
  }
},
{
  "model": "admin.logentry",
  "pk": 14,
  "fields": {
    "action_time": "2017-02-07T16:44:28.481Z",
    "user": [
      "rernande"
    ],
    "content_type": [
      "home",
      "period"
    ],
    "object_id": "7",
    "object_repr": "Period object",
    "action_flag": 1,
    "change_message": "[{\"added\": {}}]"
  }
},
{
  "model": "admin.logentry",
  "pk": 15,
  "fields": {
    "action_time": "2017-02-07T16:44:58.323Z",
    "user": [
      "rernande"
    ],
    "content_type": [
      "home",
      "period"
    ],
    "object_id": "8",
    "object_repr": "Period object",
    "action_flag": 1,
    "change_message": "[{\"added\": {}}]"
  }
},
{
  "model": "admin.logentry",
  "pk": 16,
  "fields": {
    "action_time": "2017-02-07T16:45:05.106Z",
    "user": [
      "rernande"
    ],
    "content_type": [
      "home",
      "period"
    ],
    "object_id": "9",
    "object_repr": "Period object",
    "action_flag": 1,
    "change_message": "[{\"added\": {}}]"
  }
},
{
  "model": "admin.logentry",
  "pk": 17,
  "fields": {
    "action_time": "2017-02-07T16:45:10.997Z",
    "user": [
      "rernande"
    ],
    "content_type": [
      "home",
      "period"
    ],
    "object_id": "10",
    "object_repr": "Period object",
    "action_flag": 1,
    "change_message": "[{\"added\": {}}]"
  }
},
{
  "model": "admin.logentry",
  "pk": 18,
  "fields": {
    "action_time": "2017-02-07T16:45:18.175Z",
    "user": [
      "rernande"
    ],
    "content_type": [
      "home",
      "period"
    ],
    "object_id": "11",
    "object_repr": "Period object",
    "action_flag": 1,
    "change_message": "[{\"added\": {}}]"
  }
},
{
  "model": "admin.logentry",
  "pk": 19,
  "fields": {
    "action_time": "2017-02-08T04:39:33.599Z",
    "user": [
      "rernande"
    ],
    "content_type": [
      "home",
      "period"
    ],
    "object_id": "11",
    "object_repr": "Period object",
    "action_flag": 3,
    "change_message": ""
  }
},
{
  "model": "admin.logentry",
  "pk": 20,
  "fields": {
    "action_time": "2017-02-08T04:39:33.646Z",
    "user": [
      "rernande"
    ],
    "content_type": [
      "home",
      "period"
    ],
    "object_id": "10",
    "object_repr": "Period object",
    "action_flag": 3,
    "change_message": ""
  }
},
{
  "model": "admin.logentry",
  "pk": 21,
  "fields": {
    "action_time": "2017-02-08T04:39:33.675Z",
    "user": [
      "rernande"
    ],
    "content_type": [
      "home",
      "period"
    ],
    "object_id": "9",
    "object_repr": "Period object",
    "action_flag": 3,
    "change_message": ""
  }
},
{
  "model": "admin.logentry",
  "pk": 22,
  "fields": {
    "action_time": "2017-02-08T04:39:33.741Z",
    "user": [
      "rernande"
    ],
    "content_type": [
      "home",
      "period"
    ],
    "object_id": "8",
    "object_repr": "Period object",
    "action_flag": 3,
    "change_message": ""
  }
},
{
  "model": "admin.logentry",
  "pk": 23,
  "fields": {
    "action_time": "2017-02-08T04:39:33.805Z",
    "user": [
      "rernande"
    ],
    "content_type": [
      "home",
      "period"
    ],
    "object_id": "7",
    "object_repr": "Period object",
    "action_flag": 3,
    "change_message": ""
  }
},
{
  "model": "admin.logentry",
  "pk": 24,
  "fields": {
    "action_time": "2017-02-08T04:39:33.841Z",
    "user": [
      "rernande"
    ],
    "content_type": [
      "home",
      "period"
    ],
    "object_id": "6",
    "object_repr": "Period object",
    "action_flag": 3,
    "change_message": ""
  }
},
{
  "model": "admin.logentry",
  "pk": 25,
  "fields": {
    "action_time": "2017-02-08T04:39:33.874Z",
    "user": [
      "rernande"
    ],
    "content_type": [
      "home",
      "period"
    ],
    "object_id": "5",
    "object_repr": "Period object",
    "action_flag": 3,
    "change_message": ""
  }
},
{
  "model": "admin.logentry",
  "pk": 26,
  "fields": {
    "action_time": "2017-02-08T04:39:33.908Z",
    "user": [
      "rernande"
    ],
    "content_type": [
      "home",
      "period"
    ],
    "object_id": "4",
    "object_repr": "Period object",
    "action_flag": 3,
    "change_message": ""
  }
},
{
  "model": "admin.logentry",
  "pk": 27,
  "fields": {
    "action_time": "2017-02-08T04:39:33.942Z",
    "user": [
      "rernande"
    ],
    "content_type": [
      "home",
      "period"
    ],
    "object_id": "3",
    "object_repr": "Period object",
    "action_flag": 3,
    "change_message": ""
  }
},
{
  "model": "admin.logentry",
  "pk": 28,
  "fields": {
    "action_time": "2017-02-08T04:39:33.981Z",
    "user": [
      "rernande"
    ],
    "content_type": [
      "home",
      "period"
    ],
    "object_id": "2",
    "object_repr": "Period object",
    "action_flag": 3,
    "change_message": ""
  }
},
{
  "model": "admin.logentry",
  "pk": 29,
  "fields": {
    "action_time": "2017-02-08T04:39:34.019Z",
    "user": [
      "rernande"
    ],
    "content_type": [
      "home",
      "period"
    ],
    "object_id": "1",
    "object_repr": "Period object",
    "action_flag": 3,
    "change_message": ""
  }
},
{
  "model": "admin.logentry",
  "pk": 30,
  "fields": {
    "action_time": "2017-02-08T04:39:41.345Z",
    "user": [
      "rernande"
    ],
    "content_type": [
      "home",
      "period"
    ],
    "object_id": "1",
    "object_repr": "Period object",
    "action_flag": 1,
    "change_message": "[{\"added\": {}}]"
  }
},
{
  "model": "admin.logentry",
  "pk": 31,
  "fields": {
    "action_time": "2017-02-08T04:39:53.275Z",
    "user": [
      "rernande"
    ],
    "content_type": [
      "home",
      "period"
    ],
    "object_id": "2",
    "object_repr": "Period object",
    "action_flag": 1,
    "change_message": "[{\"added\": {}}]"
  }
},
{
  "model": "admin.logentry",
  "pk": 32,
  "fields": {
    "action_time": "2017-02-08T04:40:01.461Z",
    "user": [
      "rernande"
    ],
    "content_type": [
      "home",
      "period"
    ],
    "object_id": "3",
    "object_repr": "Period object",
    "action_flag": 1,
    "change_message": "[{\"added\": {}}]"
  }
},
{
  "model": "admin.logentry",
  "pk": 33,
  "fields": {
    "action_time": "2017-02-08T04:40:05.533Z",
    "user": [
      "rernande"
    ],
    "content_type": [
      "home",
      "period"
    ],
    "object_id": "4",
    "object_repr": "Period object",
    "action_flag": 1,
    "change_message": "[{\"added\": {}}]"
  }
},
{
  "model": "admin.logentry",
  "pk": 34,
  "fields": {
    "action_time": "2017-02-08T04:40:09.229Z",
    "user": [
      "rernande"
    ],
    "content_type": [
      "home",
      "period"
    ],
    "object_id": "5",
    "object_repr": "Period object",
    "action_flag": 1,
    "change_message": "[{\"added\": {}}]"
  }
},
{
  "model": "admin.logentry",
  "pk": 35,
  "fields": {
    "action_time": "2017-02-08T04:40:12.590Z",
    "user": [
      "rernande"
    ],
    "content_type": [
      "home",
      "period"
    ],
    "object_id": "6",
    "object_repr": "Period object",
    "action_flag": 1,
    "change_message": "[{\"added\": {}}]"
  }
},
{
  "model": "admin.logentry",
  "pk": 36,
  "fields": {
    "action_time": "2017-02-08T04:40:16.118Z",
    "user": [
      "rernande"
    ],
    "content_type": [
      "home",
      "period"
    ],
    "object_id": "7",
    "object_repr": "Period object",
    "action_flag": 1,
    "change_message": "[{\"added\": {}}]"
  }
},
{
  "model": "admin.logentry",
  "pk": 37,
  "fields": {
    "action_time": "2017-02-08T04:40:19.529Z",
    "user": [
      "rernande"
    ],
    "content_type": [
      "home",
      "period"
    ],
    "object_id": "8",
    "object_repr": "Period object",
    "action_flag": 1,
    "change_message": "[{\"added\": {}}]"
  }
},
{
  "model": "admin.logentry",
  "pk": 38,
  "fields": {
    "action_time": "2017-02-08T04:40:22.912Z",
    "user": [
      "rernande"
    ],
    "content_type": [
      "home",
      "period"
    ],
    "object_id": "9",
    "object_repr": "Period object",
    "action_flag": 1,
    "change_message": "[{\"added\": {}}]"
  }
},
{
  "model": "admin.logentry",
  "pk": 39,
  "fields": {
    "action_time": "2017-02-08T04:40:26.319Z",
    "user": [
      "rernande"
    ],
    "content_type": [
      "home",
      "period"
    ],
    "object_id": "10",
    "object_repr": "Period object",
    "action_flag": 1,
    "change_message": "[{\"added\": {}}]"
  }
},
{
  "model": "admin.logentry",
  "pk": 40,
  "fields": {
    "action_time": "2017-02-08T04:40:29.037Z",
    "user": [
      "rernande"
    ],
    "content_type": [
      "home",
      "period"
    ],
    "object_id": "11",
    "object_repr": "Period object",
    "action_flag": 1,
    "change_message": "[{\"added\": {}}]"
  }
},
{
  "model": "admin.logentry",
  "pk": 41,
  "fields": {
    "action_time": "2017-02-08T04:59:05.884Z",
    "user": [
      "rernande"
    ],
    "content_type": [
      "home",
      "language"
    ],
    "object_id": "SA",
    "object_repr": "Language object",
    "action_flag": 2,
    "change_message": "[{\"changed\": {\"fields\": [\"country\"]}}]"
  }
},
{
  "model": "admin.logentry",
  "pk": 42,
  "fields": {
    "action_time": "2017-02-12T20:53:40.089Z",
    "user": [
      "rernande"
    ],
    "content_type": [
      "home",
      "periodtr"
    ],
    "object_id": "1",
    "object_repr": "PeriodTr object",
    "action_flag": 1,
    "change_message": "[{\"added\": {}}]"
  }
},
{
  "model": "admin.logentry",
  "pk": 43,
  "fields": {
    "action_time": "2017-02-12T20:54:03.182Z",
    "user": [
      "rernande"
    ],
    "content_type": [
      "home",
      "periodtr"
    ],
    "object_id": "2",
    "object_repr": "PeriodTr object",
    "action_flag": 1,
    "change_message": "[{\"added\": {}}]"
  }
},
{
  "model": "admin.logentry",
  "pk": 44,
  "fields": {
    "action_time": "2017-02-12T20:54:12.944Z",
    "user": [
      "rernande"
    ],
    "content_type": [
      "home",
      "periodtr"
    ],
    "object_id": "3",
    "object_repr": "PeriodTr object",
    "action_flag": 1,
    "change_message": "[{\"added\": {}}]"
  }
},
{
  "model": "admin.logentry",
  "pk": 45,
  "fields": {
    "action_time": "2017-02-12T20:54:22.148Z",
    "user": [
      "rernande"
    ],
    "content_type": [
      "home",
      "periodtr"
    ],
    "object_id": "4",
    "object_repr": "PeriodTr object",
    "action_flag": 1,
    "change_message": "[{\"added\": {}}]"
  }
},
{
  "model": "admin.logentry",
  "pk": 46,
  "fields": {
    "action_time": "2017-02-12T20:54:31.045Z",
    "user": [
      "rernande"
    ],
    "content_type": [
      "home",
      "periodtr"
    ],
    "object_id": "5",
    "object_repr": "PeriodTr object",
    "action_flag": 1,
    "change_message": "[{\"added\": {}}]"
  }
},
{
  "model": "admin.logentry",
  "pk": 47,
  "fields": {
    "action_time": "2017-02-12T20:54:39.604Z",
    "user": [
      "rernande"
    ],
    "content_type": [
      "home",
      "periodtr"
    ],
    "object_id": "6",
    "object_repr": "PeriodTr object",
    "action_flag": 1,
    "change_message": "[{\"added\": {}}]"
  }
},
{
  "model": "admin.logentry",
  "pk": 48,
  "fields": {
    "action_time": "2017-02-12T20:54:51.074Z",
    "user": [
      "rernande"
    ],
    "content_type": [
      "home",
      "periodtr"
    ],
    "object_id": "7",
    "object_repr": "PeriodTr object",
    "action_flag": 1,
    "change_message": "[{\"added\": {}}]"
  }
},
{
  "model": "admin.logentry",
  "pk": 49,
  "fields": {
    "action_time": "2017-02-12T20:55:01.336Z",
    "user": [
      "rernande"
    ],
    "content_type": [
      "home",
      "periodtr"
    ],
    "object_id": "8",
    "object_repr": "PeriodTr object",
    "action_flag": 1,
    "change_message": "[{\"added\": {}}]"
  }
},
{
  "model": "admin.logentry",
  "pk": 50,
  "fields": {
    "action_time": "2017-02-12T20:55:16.046Z",
    "user": [
      "rernande"
    ],
    "content_type": [
      "home",
      "periodtr"
    ],
    "object_id": "9",
    "object_repr": "PeriodTr object",
    "action_flag": 1,
    "change_message": "[{\"added\": {}}]"
  }
},
{
  "model": "admin.logentry",
  "pk": 51,
  "fields": {
    "action_time": "2017-02-12T20:55:42.419Z",
    "user": [
      "rernande"
    ],
    "content_type": [
      "home",
      "periodtr"
    ],
    "object_id": "10",
    "object_repr": "PeriodTr object",
    "action_flag": 1,
    "change_message": "[{\"added\": {}}]"
  }
},
{
  "model": "admin.logentry",
  "pk": 52,
  "fields": {
    "action_time": "2017-02-12T20:55:52.551Z",
    "user": [
      "rernande"
    ],
    "content_type": [
      "home",
      "periodtr"
    ],
    "object_id": "11",
    "object_repr": "PeriodTr object",
    "action_flag": 1,
    "change_message": "[{\"added\": {}}]"
  }
},
{
  "model": "admin.logentry",
  "pk": 53,
  "fields": {
    "action_time": "2017-02-12T20:56:01.054Z",
    "user": [
      "rernande"
    ],
    "content_type": [
      "home",
      "periodtr"
    ],
    "object_id": "12",
    "object_repr": "PeriodTr object",
    "action_flag": 1,
    "change_message": "[{\"added\": {}}]"
  }
},
{
  "model": "admin.logentry",
  "pk": 54,
  "fields": {
    "action_time": "2017-02-12T20:56:12.912Z",
    "user": [
      "rernande"
    ],
    "content_type": [
      "home",
      "periodtr"
    ],
    "object_id": "13",
    "object_repr": "PeriodTr object",
    "action_flag": 1,
    "change_message": "[{\"added\": {}}]"
  }
},
{
  "model": "admin.logentry",
  "pk": 55,
  "fields": {
    "action_time": "2017-02-12T20:56:22.198Z",
    "user": [
      "rernande"
    ],
    "content_type": [
      "home",
      "periodtr"
    ],
    "object_id": "14",
    "object_repr": "PeriodTr object",
    "action_flag": 1,
    "change_message": "[{\"added\": {}}]"
  }
},
{
  "model": "admin.logentry",
  "pk": 56,
  "fields": {
    "action_time": "2017-02-12T20:56:34.211Z",
    "user": [
      "rernande"
    ],
    "content_type": [
      "home",
      "periodtr"
    ],
    "object_id": "15",
    "object_repr": "PeriodTr object",
    "action_flag": 1,
    "change_message": "[{\"added\": {}}]"
  }
},
{
  "model": "admin.logentry",
  "pk": 57,
  "fields": {
    "action_time": "2017-02-12T20:56:43.335Z",
    "user": [
      "rernande"
    ],
    "content_type": [
      "home",
      "periodtr"
    ],
    "object_id": "16",
    "object_repr": "PeriodTr object",
    "action_flag": 1,
    "change_message": "[{\"added\": {}}]"
  }
},
{
  "model": "admin.logentry",
  "pk": 58,
  "fields": {
    "action_time": "2017-02-12T20:56:55.530Z",
    "user": [
      "rernande"
    ],
    "content_type": [
      "home",
      "periodtr"
    ],
    "object_id": "17",
    "object_repr": "PeriodTr object",
    "action_flag": 1,
    "change_message": "[{\"added\": {}}]"
  }
},
{
  "model": "admin.logentry",
  "pk": 59,
  "fields": {
    "action_time": "2017-02-12T20:57:06.743Z",
    "user": [
      "rernande"
    ],
    "content_type": [
      "home",
      "periodtr"
    ],
    "object_id": "18",
    "object_repr": "PeriodTr object",
    "action_flag": 1,
    "change_message": "[{\"added\": {}}]"
  }
},
{
  "model": "admin.logentry",
  "pk": 60,
  "fields": {
    "action_time": "2017-02-12T20:57:43.194Z",
    "user": [
      "rernande"
    ],
    "content_type": [
      "home",
      "language"
    ],
    "object_id": "AE",
    "object_repr": "\u0627\u0644\u0639\u0631\u0628\u064a\u0629",
    "action_flag": 3,
    "change_message": ""
  }
},
{
  "model": "admin.logentry",
  "pk": 61,
  "fields": {
    "action_time": "2017-02-12T20:58:11.571Z",
    "user": [
      "rernande"
    ],
    "content_type": [
      "home",
      "periodtr"
    ],
    "object_id": "19",
    "object_repr": "PeriodTr object",
    "action_flag": 1,
    "change_message": "[{\"added\": {}}]"
  }
},
{
  "model": "admin.logentry",
  "pk": 62,
  "fields": {
    "action_time": "2017-02-12T20:58:23.076Z",
    "user": [
      "rernande"
    ],
    "content_type": [
      "home",
      "periodtr"
    ],
    "object_id": "20",
    "object_repr": "PeriodTr object",
    "action_flag": 1,
    "change_message": "[{\"added\": {}}]"
  }
},
{
  "model": "admin.logentry",
  "pk": 63,
  "fields": {
    "action_time": "2017-02-12T20:58:38.175Z",
    "user": [
      "rernande"
    ],
    "content_type": [
      "home",
      "periodtr"
    ],
    "object_id": "21",
    "object_repr": "PeriodTr object",
    "action_flag": 1,
    "change_message": "[{\"added\": {}}]"
  }
},
{
  "model": "admin.logentry",
  "pk": 64,
  "fields": {
    "action_time": "2017-02-12T20:58:48.521Z",
    "user": [
      "rernande"
    ],
    "content_type": [
      "home",
      "periodtr"
    ],
    "object_id": "22",
    "object_repr": "PeriodTr object",
    "action_flag": 1,
    "change_message": "[{\"added\": {}}]"
  }
},
{
  "model": "admin.logentry",
  "pk": 65,
  "fields": {
    "action_time": "2017-02-12T20:58:58.254Z",
    "user": [
      "rernande"
    ],
    "content_type": [
      "home",
      "periodtr"
    ],
    "object_id": "23",
    "object_repr": "PeriodTr object",
    "action_flag": 1,
    "change_message": "[{\"added\": {}}]"
  }
},
{
  "model": "admin.logentry",
  "pk": 66,
  "fields": {
    "action_time": "2017-02-12T20:59:07.660Z",
    "user": [
      "rernande"
    ],
    "content_type": [
      "home",
      "periodtr"
    ],
    "object_id": "24",
    "object_repr": "PeriodTr object",
    "action_flag": 1,
    "change_message": "[{\"added\": {}}]"
  }
},
{
  "model": "admin.logentry",
  "pk": 67,
  "fields": {
    "action_time": "2017-02-12T20:59:18.167Z",
    "user": [
      "rernande"
    ],
    "content_type": [
      "home",
      "periodtr"
    ],
    "object_id": "25",
    "object_repr": "PeriodTr object",
    "action_flag": 1,
    "change_message": "[{\"added\": {}}]"
  }
},
{
  "model": "admin.logentry",
  "pk": 68,
  "fields": {
    "action_time": "2017-02-12T20:59:27.351Z",
    "user": [
      "rernande"
    ],
    "content_type": [
      "home",
      "periodtr"
    ],
    "object_id": "26",
    "object_repr": "PeriodTr object",
    "action_flag": 1,
    "change_message": "[{\"added\": {}}]"
  }
},
{
  "model": "admin.logentry",
  "pk": 69,
  "fields": {
    "action_time": "2017-02-12T20:59:36.616Z",
    "user": [
      "rernande"
    ],
    "content_type": [
      "home",
      "periodtr"
    ],
    "object_id": "27",
    "object_repr": "PeriodTr object",
    "action_flag": 1,
    "change_message": "[{\"added\": {}}]"
  }
},
{
  "model": "admin.logentry",
  "pk": 70,
  "fields": {
    "action_time": "2017-02-12T20:59:50.243Z",
    "user": [
      "rernande"
    ],
    "content_type": [
      "home",
      "periodtr"
    ],
    "object_id": "28",
    "object_repr": "PeriodTr object",
    "action_flag": 1,
    "change_message": "[{\"added\": {}}]"
  }
},
{
  "model": "admin.logentry",
  "pk": 71,
  "fields": {
    "action_time": "2017-02-12T21:00:00.109Z",
    "user": [
      "rernande"
    ],
    "content_type": [
      "home",
      "periodtr"
    ],
    "object_id": "29",
    "object_repr": "PeriodTr object",
    "action_flag": 1,
    "change_message": "[{\"added\": {}}]"
  }
},
{
  "model": "admin.logentry",
  "pk": 72,
  "fields": {
    "action_time": "2017-02-12T21:00:14.432Z",
    "user": [
      "rernande"
    ],
    "content_type": [
      "home",
      "periodtr"
    ],
    "object_id": "30",
    "object_repr": "PeriodTr object",
    "action_flag": 1,
    "change_message": "[{\"added\": {}}]"
  }
},
{
  "model": "admin.logentry",
  "pk": 73,
  "fields": {
    "action_time": "2017-02-12T21:00:32.115Z",
    "user": [
      "rernande"
    ],
    "content_type": [
      "home",
      "periodtr"
    ],
    "object_id": "31",
    "object_repr": "PeriodTr object",
    "action_flag": 1,
    "change_message": "[{\"added\": {}}]"
  }
},
{
  "model": "admin.logentry",
  "pk": 74,
  "fields": {
    "action_time": "2017-02-12T21:00:46.961Z",
    "user": [
      "rernande"
    ],
    "content_type": [
      "home",
      "periodtr"
    ],
    "object_id": "32",
    "object_repr": "PeriodTr object",
    "action_flag": 1,
    "change_message": "[{\"added\": {}}]"
  }
},
{
  "model": "admin.logentry",
  "pk": 75,
  "fields": {
    "action_time": "2017-02-12T21:00:59.074Z",
    "user": [
      "rernande"
    ],
    "content_type": [
      "home",
      "periodtr"
    ],
    "object_id": "33",
    "object_repr": "PeriodTr object",
    "action_flag": 1,
    "change_message": "[{\"added\": {}}]"
  }
},
{
  "model": "admin.logentry",
  "pk": 76,
  "fields": {
    "action_time": "2017-02-12T21:01:07.082Z",
    "user": [
      "rernande"
    ],
    "content_type": [
      "home",
      "periodtr"
    ],
    "object_id": "34",
    "object_repr": "PeriodTr object",
    "action_flag": 1,
    "change_message": "[{\"added\": {}}]"
  }
},
{
  "model": "admin.logentry",
  "pk": 77,
  "fields": {
    "action_time": "2017-02-12T21:01:14.165Z",
    "user": [
      "rernande"
    ],
    "content_type": [
      "home",
      "periodtr"
    ],
    "object_id": "35",
    "object_repr": "PeriodTr object",
    "action_flag": 1,
    "change_message": "[{\"added\": {}}]"
  }
},
{
  "model": "admin.logentry",
  "pk": 78,
  "fields": {
    "action_time": "2017-02-12T21:01:28.780Z",
    "user": [
      "rernande"
    ],
    "content_type": [
      "home",
      "periodtr"
    ],
    "object_id": "36",
    "object_repr": "PeriodTr object",
    "action_flag": 1,
    "change_message": "[{\"added\": {}}]"
  }
},
{
  "model": "admin.logentry",
  "pk": 79,
  "fields": {
    "action_time": "2017-02-12T21:03:52.146Z",
    "user": [
      "rernande"
    ],
    "content_type": [
      "home",
      "periodtr"
    ],
    "object_id": "37",
    "object_repr": "PeriodTr object",
    "action_flag": 1,
    "change_message": "[{\"added\": {}}]"
  }
},
{
  "model": "admin.logentry",
  "pk": 80,
  "fields": {
    "action_time": "2017-02-12T21:04:07.614Z",
    "user": [
      "rernande"
    ],
    "content_type": [
      "home",
      "periodtr"
    ],
    "object_id": "38",
    "object_repr": "PeriodTr object",
    "action_flag": 1,
    "change_message": "[{\"added\": {}}]"
  }
},
{
  "model": "admin.logentry",
  "pk": 81,
  "fields": {
    "action_time": "2017-02-12T21:04:21.039Z",
    "user": [
      "rernande"
    ],
    "content_type": [
      "home",
      "periodtr"
    ],
    "object_id": "39",
    "object_repr": "PeriodTr object",
    "action_flag": 1,
    "change_message": "[{\"added\": {}}]"
  }
},
{
  "model": "admin.logentry",
  "pk": 82,
  "fields": {
    "action_time": "2017-02-14T10:04:22.213Z",
    "user": [
      "rernande"
    ],
    "content_type": [
      "home",
      "periodtr"
    ],
    "object_id": "40",
    "object_repr": "PeriodTr object",
    "action_flag": 1,
    "change_message": "[{\"added\": {}}]"
  }
},
{
  "model": "admin.logentry",
  "pk": 83,
  "fields": {
    "action_time": "2017-02-14T10:04:32.668Z",
    "user": [
      "rernande"
    ],
    "content_type": [
      "home",
      "periodtr"
    ],
    "object_id": "41",
    "object_repr": "PeriodTr object",
    "action_flag": 1,
    "change_message": "[{\"added\": {}}]"
  }
},
{
  "model": "admin.logentry",
  "pk": 84,
  "fields": {
    "action_time": "2017-02-14T10:04:41.465Z",
    "user": [
      "rernande"
    ],
    "content_type": [
      "home",
      "periodtr"
    ],
    "object_id": "42",
    "object_repr": "PeriodTr object",
    "action_flag": 1,
    "change_message": "[{\"added\": {}}]"
  }
},
{
  "model": "admin.logentry",
  "pk": 85,
  "fields": {
    "action_time": "2017-02-14T10:04:53.658Z",
    "user": [
      "rernande"
    ],
    "content_type": [
      "home",
      "periodtr"
    ],
    "object_id": "43",
    "object_repr": "PeriodTr object",
    "action_flag": 1,
    "change_message": "[{\"added\": {}}]"
  }
},
{
  "model": "admin.logentry",
  "pk": 86,
  "fields": {
    "action_time": "2017-02-14T10:05:04.410Z",
    "user": [
      "rernande"
    ],
    "content_type": [
      "home",
      "periodtr"
    ],
    "object_id": "44",
    "object_repr": "PeriodTr object",
    "action_flag": 1,
    "change_message": "[{\"added\": {}}]"
  }
},
{
  "model": "admin.logentry",
  "pk": 87,
  "fields": {
    "action_time": "2017-02-14T10:05:13.379Z",
    "user": [
      "rernande"
    ],
    "content_type": [
      "home",
      "periodtr"
    ],
    "object_id": "45",
    "object_repr": "PeriodTr object",
    "action_flag": 1,
    "change_message": "[{\"added\": {}}]"
  }
},
{
  "model": "admin.logentry",
  "pk": 88,
  "fields": {
    "action_time": "2017-02-14T10:05:29.532Z",
    "user": [
      "rernande"
    ],
    "content_type": [
      "home",
      "periodtr"
    ],
    "object_id": "46",
    "object_repr": "PeriodTr object",
    "action_flag": 1,
    "change_message": "[{\"added\": {}}]"
  }
},
{
  "model": "admin.logentry",
  "pk": 89,
  "fields": {
    "action_time": "2017-02-14T10:05:40.112Z",
    "user": [
      "rernande"
    ],
    "content_type": [
      "home",
      "periodtr"
    ],
    "object_id": "47",
    "object_repr": "PeriodTr object",
    "action_flag": 1,
    "change_message": "[{\"added\": {}}]"
  }
},
{
  "model": "admin.logentry",
  "pk": 90,
  "fields": {
    "action_time": "2017-02-14T10:05:49.028Z",
    "user": [
      "rernande"
    ],
    "content_type": [
      "home",
      "periodtr"
    ],
    "object_id": "48",
    "object_repr": "PeriodTr object",
    "action_flag": 1,
    "change_message": "[{\"added\": {}}]"
  }
},
{
  "model": "admin.logentry",
  "pk": 91,
  "fields": {
    "action_time": "2017-02-14T10:06:00.601Z",
    "user": [
      "rernande"
    ],
    "content_type": [
      "home",
      "periodtr"
    ],
    "object_id": "49",
    "object_repr": "PeriodTr object",
    "action_flag": 1,
    "change_message": "[{\"added\": {}}]"
  }
},
{
  "model": "admin.logentry",
  "pk": 92,
  "fields": {
    "action_time": "2017-02-14T10:06:08.797Z",
    "user": [
      "rernande"
    ],
    "content_type": [
      "home",
      "periodtr"
    ],
    "object_id": "50",
    "object_repr": "PeriodTr object",
    "action_flag": 1,
    "change_message": "[{\"added\": {}}]"
  }
},
{
  "model": "admin.logentry",
  "pk": 93,
  "fields": {
    "action_time": "2017-02-14T10:06:17.531Z",
    "user": [
      "rernande"
    ],
    "content_type": [
      "home",
      "periodtr"
    ],
    "object_id": "51",
    "object_repr": "PeriodTr object",
    "action_flag": 1,
    "change_message": "[{\"added\": {}}]"
  }
},
{
  "model": "admin.logentry",
  "pk": 94,
  "fields": {
    "action_time": "2017-02-14T10:06:30.513Z",
    "user": [
      "rernande"
    ],
    "content_type": [
      "home",
      "periodtr"
    ],
    "object_id": "52",
    "object_repr": "PeriodTr object",
    "action_flag": 1,
    "change_message": "[{\"added\": {}}]"
  }
},
{
  "model": "admin.logentry",
  "pk": 95,
  "fields": {
    "action_time": "2017-02-14T10:06:38.661Z",
    "user": [
      "rernande"
    ],
    "content_type": [
      "home",
      "periodtr"
    ],
    "object_id": "53",
    "object_repr": "PeriodTr object",
    "action_flag": 1,
    "change_message": "[{\"added\": {}}]"
  }
},
{
  "model": "admin.logentry",
  "pk": 96,
  "fields": {
    "action_time": "2017-02-14T10:06:47.788Z",
    "user": [
      "rernande"
    ],
    "content_type": [
      "home",
      "periodtr"
    ],
    "object_id": "54",
    "object_repr": "PeriodTr object",
    "action_flag": 1,
    "change_message": "[{\"added\": {}}]"
  }
},
{
  "model": "admin.logentry",
  "pk": 97,
  "fields": {
    "action_time": "2017-02-14T10:07:19.141Z",
    "user": [
      "rernande"
    ],
    "content_type": [
      "home",
      "periodtr"
    ],
    "object_id": "55",
    "object_repr": "PeriodTr object",
    "action_flag": 1,
    "change_message": "[{\"added\": {}}]"
  }
},
{
  "model": "admin.logentry",
  "pk": 98,
  "fields": {
    "action_time": "2017-02-14T10:07:33.516Z",
    "user": [
      "rernande"
    ],
    "content_type": [
      "home",
      "periodtr"
    ],
    "object_id": "56",
    "object_repr": "PeriodTr object",
    "action_flag": 1,
    "change_message": "[{\"added\": {}}]"
  }
},
{
  "model": "admin.logentry",
  "pk": 99,
  "fields": {
    "action_time": "2017-02-14T10:10:31.884Z",
    "user": [
      "rernande"
    ],
    "content_type": [
      "home",
      "periodtr"
    ],
    "object_id": "57",
    "object_repr": "PeriodTr object",
    "action_flag": 1,
    "change_message": "[{\"added\": {}}]"
  }
},
{
  "model": "admin.logentry",
  "pk": 100,
  "fields": {
    "action_time": "2017-02-14T10:10:42.437Z",
    "user": [
      "rernande"
    ],
    "content_type": [
      "home",
      "periodtr"
    ],
    "object_id": "58",
    "object_repr": "PeriodTr object",
    "action_flag": 1,
    "change_message": "[{\"added\": {}}]"
  }
},
{
  "model": "admin.logentry",
  "pk": 101,
  "fields": {
    "action_time": "2017-02-14T10:10:50.189Z",
    "user": [
      "rernande"
    ],
    "content_type": [
      "home",
      "periodtr"
    ],
    "object_id": "59",
    "object_repr": "PeriodTr object",
    "action_flag": 1,
    "change_message": "[{\"added\": {}}]"
  }
},
{
  "model": "admin.logentry",
  "pk": 102,
  "fields": {
    "action_time": "2017-02-14T10:10:59.210Z",
    "user": [
      "rernande"
    ],
    "content_type": [
      "home",
      "periodtr"
    ],
    "object_id": "60",
    "object_repr": "PeriodTr object",
    "action_flag": 1,
    "change_message": "[{\"added\": {}}]"
  }
},
{
  "model": "admin.logentry",
  "pk": 103,
  "fields": {
    "action_time": "2017-02-14T10:11:07.662Z",
    "user": [
      "rernande"
    ],
    "content_type": [
      "home",
      "periodtr"
    ],
    "object_id": "61",
    "object_repr": "PeriodTr object",
    "action_flag": 1,
    "change_message": "[{\"added\": {}}]"
  }
},
{
  "model": "admin.logentry",
  "pk": 104,
  "fields": {
    "action_time": "2017-02-14T10:11:16.279Z",
    "user": [
      "rernande"
    ],
    "content_type": [
      "home",
      "periodtr"
    ],
    "object_id": "62",
    "object_repr": "PeriodTr object",
    "action_flag": 1,
    "change_message": "[{\"added\": {}}]"
  }
},
{
  "model": "admin.logentry",
  "pk": 105,
  "fields": {
    "action_time": "2017-02-14T10:11:27.949Z",
    "user": [
      "rernande"
    ],
    "content_type": [
      "home",
      "periodtr"
    ],
    "object_id": "63",
    "object_repr": "PeriodTr object",
    "action_flag": 1,
    "change_message": "[{\"added\": {}}]"
  }
},
{
  "model": "admin.logentry",
  "pk": 106,
  "fields": {
    "action_time": "2017-02-14T10:12:25.827Z",
    "user": [
      "rernande"
    ],
    "content_type": [
      "home",
      "periodtr"
    ],
    "object_id": "2",
    "object_repr": "PeriodTr object",
    "action_flag": 2,
    "change_message": "[{\"changed\": {\"fields\": [\"name\"]}}]"
  }
},
{
  "model": "admin.logentry",
  "pk": 107,
  "fields": {
    "action_time": "2017-02-14T10:12:37.569Z",
    "user": [
      "rernande"
    ],
    "content_type": [
      "home",
      "periodtr"
    ],
    "object_id": "3",
    "object_repr": "PeriodTr object",
    "action_flag": 2,
    "change_message": "[{\"changed\": {\"fields\": [\"name\"]}}]"
  }
},
{
  "model": "admin.logentry",
  "pk": 108,
  "fields": {
    "action_time": "2017-02-14T10:12:54.438Z",
    "user": [
      "rernande"
    ],
    "content_type": [
      "home",
      "periodtr"
    ],
    "object_id": "4",
    "object_repr": "PeriodTr object",
    "action_flag": 2,
    "change_message": "[{\"changed\": {\"fields\": [\"name\"]}}]"
  }
},
{
  "model": "admin.logentry",
  "pk": 109,
  "fields": {
    "action_time": "2017-02-14T10:12:57.986Z",
    "user": [
      "rernande"
    ],
    "content_type": [
      "home",
      "periodtr"
    ],
    "object_id": "5",
    "object_repr": "PeriodTr object",
    "action_flag": 2,
    "change_message": "[{\"changed\": {\"fields\": [\"name\"]}}]"
  }
},
{
  "model": "admin.logentry",
  "pk": 110,
  "fields": {
    "action_time": "2017-02-14T10:13:01.082Z",
    "user": [
      "rernande"
    ],
    "content_type": [
      "home",
      "periodtr"
    ],
    "object_id": "6",
    "object_repr": "PeriodTr object",
    "action_flag": 2,
    "change_message": "[{\"changed\": {\"fields\": [\"name\"]}}]"
  }
},
{
  "model": "admin.logentry",
  "pk": 111,
  "fields": {
    "action_time": "2017-02-14T10:13:04.020Z",
    "user": [
      "rernande"
    ],
    "content_type": [
      "home",
      "periodtr"
    ],
    "object_id": "7",
    "object_repr": "PeriodTr object",
    "action_flag": 2,
    "change_message": "[{\"changed\": {\"fields\": [\"name\"]}}]"
  }
},
{
  "model": "admin.logentry",
  "pk": 112,
  "fields": {
    "action_time": "2017-02-14T10:13:07.061Z",
    "user": [
      "rernande"
    ],
    "content_type": [
      "home",
      "periodtr"
    ],
    "object_id": "8",
    "object_repr": "PeriodTr object",
    "action_flag": 2,
    "change_message": "[{\"changed\": {\"fields\": [\"name\"]}}]"
  }
},
{
  "model": "admin.logentry",
  "pk": 113,
  "fields": {
    "action_time": "2017-02-14T10:13:09.931Z",
    "user": [
      "rernande"
    ],
    "content_type": [
      "home",
      "periodtr"
    ],
    "object_id": "9",
    "object_repr": "PeriodTr object",
    "action_flag": 2,
    "change_message": "[{\"changed\": {\"fields\": [\"name\"]}}]"
  }
},
{
  "model": "admin.logentry",
  "pk": 114,
  "fields": {
    "action_time": "2017-02-14T14:40:01.102Z",
    "user": [
      "rernande"
    ],
    "content_type": [
      "home",
      "topic"
    ],
    "object_id": "1",
    "object_repr": "1",
    "action_flag": 1,
    "change_message": "[{\"added\": {}}]"
  }
},
{
  "model": "admin.logentry",
  "pk": 115,
  "fields": {
    "action_time": "2017-02-14T14:40:03.593Z",
    "user": [
      "rernande"
    ],
    "content_type": [
      "home",
      "topic"
    ],
    "object_id": "2",
    "object_repr": "2",
    "action_flag": 1,
    "change_message": "[{\"added\": {}}]"
  }
},
{
  "model": "admin.logentry",
  "pk": 116,
  "fields": {
    "action_time": "2017-02-14T14:40:07.149Z",
    "user": [
      "rernande"
    ],
    "content_type": [
      "home",
      "topic"
    ],
    "object_id": "3",
    "object_repr": "3",
    "action_flag": 1,
    "change_message": "[{\"added\": {}}]"
  }
},
{
  "model": "admin.logentry",
  "pk": 117,
  "fields": {
    "action_time": "2017-02-14T14:40:09.455Z",
    "user": [
      "rernande"
    ],
    "content_type": [
      "home",
      "topic"
    ],
    "object_id": "4",
    "object_repr": "4",
    "action_flag": 1,
    "change_message": "[{\"added\": {}}]"
  }
},
{
  "model": "admin.logentry",
  "pk": 118,
  "fields": {
    "action_time": "2017-02-14T14:40:12.489Z",
    "user": [
      "rernande"
    ],
    "content_type": [
      "home",
      "topic"
    ],
    "object_id": "5",
    "object_repr": "5",
    "action_flag": 1,
    "change_message": "[{\"added\": {}}]"
  }
},
{
  "model": "admin.logentry",
  "pk": 119,
  "fields": {
    "action_time": "2017-02-14T14:40:14.338Z",
    "user": [
      "rernande"
    ],
    "content_type": [
      "home",
      "topic"
    ],
    "object_id": "6",
    "object_repr": "6",
    "action_flag": 1,
    "change_message": "[{\"added\": {}}]"
  }
},
{
  "model": "admin.logentry",
  "pk": 120,
  "fields": {
    "action_time": "2017-02-14T14:40:16.359Z",
    "user": [
      "rernande"
    ],
    "content_type": [
      "home",
      "topic"
    ],
    "object_id": "7",
    "object_repr": "7",
    "action_flag": 1,
    "change_message": "[{\"added\": {}}]"
  }
},
{
  "model": "admin.logentry",
  "pk": 121,
  "fields": {
    "action_time": "2017-02-14T14:40:18.857Z",
    "user": [
      "rernande"
    ],
    "content_type": [
      "home",
      "topic"
    ],
    "object_id": "8",
    "object_repr": "8",
    "action_flag": 1,
    "change_message": "[{\"added\": {}}]"
  }
},
{
  "model": "admin.logentry",
  "pk": 122,
  "fields": {
    "action_time": "2017-02-14T14:40:21.448Z",
    "user": [
      "rernande"
    ],
    "content_type": [
      "home",
      "topic"
    ],
    "object_id": "9",
    "object_repr": "9",
    "action_flag": 1,
    "change_message": "[{\"added\": {}}]"
  }
},
{
  "model": "admin.logentry",
  "pk": 123,
  "fields": {
    "action_time": "2017-02-14T14:42:55.526Z",
    "user": [
      "rernande"
    ],
    "content_type": [
      "home",
      "topictr"
    ],
    "object_id": "1",
    "object_repr": "TopicTr object",
    "action_flag": 1,
    "change_message": "[{\"added\": {}}]"
  }
},
{
  "model": "admin.logentry",
  "pk": 124,
  "fields": {
    "action_time": "2017-02-14T14:43:06.429Z",
    "user": [
      "rernande"
    ],
    "content_type": [
      "home",
      "topictr"
    ],
    "object_id": "2",
    "object_repr": "TopicTr object",
    "action_flag": 1,
    "change_message": "[{\"added\": {}}]"
  }
},
{
  "model": "admin.logentry",
  "pk": 125,
  "fields": {
    "action_time": "2017-02-14T14:43:17.502Z",
    "user": [
      "rernande"
    ],
    "content_type": [
      "home",
      "topictr"
    ],
    "object_id": "3",
    "object_repr": "TopicTr object",
    "action_flag": 1,
    "change_message": "[{\"added\": {}}]"
  }
},
{
  "model": "admin.logentry",
  "pk": 126,
  "fields": {
    "action_time": "2017-02-14T14:43:25.513Z",
    "user": [
      "rernande"
    ],
    "content_type": [
      "home",
      "topictr"
    ],
    "object_id": "4",
    "object_repr": "TopicTr object",
    "action_flag": 1,
    "change_message": "[{\"added\": {}}]"
  }
},
{
  "model": "admin.logentry",
  "pk": 127,
  "fields": {
    "action_time": "2017-02-14T14:43:38.939Z",
    "user": [
      "rernande"
    ],
    "content_type": [
      "home",
      "topictr"
    ],
    "object_id": "5",
    "object_repr": "TopicTr object",
    "action_flag": 1,
    "change_message": "[{\"added\": {}}]"
  }
},
{
  "model": "admin.logentry",
  "pk": 128,
  "fields": {
    "action_time": "2017-02-14T14:43:48.081Z",
    "user": [
      "rernande"
    ],
    "content_type": [
      "home",
      "topictr"
    ],
    "object_id": "6",
    "object_repr": "TopicTr object",
    "action_flag": 1,
    "change_message": "[{\"added\": {}}]"
  }
},
{
  "model": "admin.logentry",
  "pk": 129,
  "fields": {
    "action_time": "2017-02-14T14:43:57.620Z",
    "user": [
      "rernande"
    ],
    "content_type": [
      "home",
      "topictr"
    ],
    "object_id": "7",
    "object_repr": "TopicTr object",
    "action_flag": 1,
    "change_message": "[{\"added\": {}}]"
  }
},
{
  "model": "admin.logentry",
  "pk": 130,
  "fields": {
    "action_time": "2017-02-14T14:44:08.811Z",
    "user": [
      "rernande"
    ],
    "content_type": [
      "home",
      "topictr"
    ],
    "object_id": "8",
    "object_repr": "TopicTr object",
    "action_flag": 1,
    "change_message": "[{\"added\": {}}]"
  }
},
{
  "model": "admin.logentry",
  "pk": 131,
  "fields": {
    "action_time": "2017-02-14T14:44:19.724Z",
    "user": [
      "rernande"
    ],
    "content_type": [
      "home",
      "topictr"
    ],
    "object_id": "9",
    "object_repr": "TopicTr object",
    "action_flag": 1,
    "change_message": "[{\"added\": {}}]"
  }
},
{
  "model": "admin.logentry",
  "pk": 132,
  "fields": {
    "action_time": "2017-02-14T14:44:27.748Z",
    "user": [
      "rernande"
    ],
    "content_type": [
      "home",
      "topictr"
    ],
    "object_id": "10",
    "object_repr": "TopicTr object",
    "action_flag": 1,
    "change_message": "[{\"added\": {}}]"
  }
},
{
  "model": "admin.logentry",
  "pk": 133,
  "fields": {
    "action_time": "2017-02-14T14:44:36.752Z",
    "user": [
      "rernande"
    ],
    "content_type": [
      "home",
      "topictr"
    ],
    "object_id": "11",
    "object_repr": "TopicTr object",
    "action_flag": 1,
    "change_message": "[{\"added\": {}}]"
  }
},
{
  "model": "admin.logentry",
  "pk": 134,
  "fields": {
    "action_time": "2017-02-14T14:44:45.069Z",
    "user": [
      "rernande"
    ],
    "content_type": [
      "home",
      "topictr"
    ],
    "object_id": "12",
    "object_repr": "TopicTr object",
    "action_flag": 1,
    "change_message": "[{\"added\": {}}]"
  }
},
{
  "model": "admin.logentry",
  "pk": 135,
  "fields": {
    "action_time": "2017-02-14T14:45:02.619Z",
    "user": [
      "rernande"
    ],
    "content_type": [
      "home",
      "topictr"
    ],
    "object_id": "13",
    "object_repr": "TopicTr object",
    "action_flag": 1,
    "change_message": "[{\"added\": {}}]"
  }
},
{
  "model": "admin.logentry",
  "pk": 136,
  "fields": {
    "action_time": "2017-02-14T14:45:11.775Z",
    "user": [
      "rernande"
    ],
    "content_type": [
      "home",
      "topictr"
    ],
    "object_id": "14",
    "object_repr": "TopicTr object",
    "action_flag": 1,
    "change_message": "[{\"added\": {}}]"
  }
},
{
  "model": "admin.logentry",
  "pk": 137,
  "fields": {
    "action_time": "2017-02-14T14:45:23.370Z",
    "user": [
      "rernande"
    ],
    "content_type": [
      "home",
      "topictr"
    ],
    "object_id": "15",
    "object_repr": "TopicTr object",
    "action_flag": 1,
    "change_message": "[{\"added\": {}}]"
  }
},
{
  "model": "admin.logentry",
  "pk": 138,
  "fields": {
    "action_time": "2017-02-14T14:45:38.828Z",
    "user": [
      "rernande"
    ],
    "content_type": [
      "home",
      "topictr"
    ],
    "object_id": "16",
    "object_repr": "TopicTr object",
    "action_flag": 1,
    "change_message": "[{\"added\": {}}]"
  }
},
{
  "model": "admin.logentry",
  "pk": 139,
  "fields": {
    "action_time": "2017-02-14T14:45:49.982Z",
    "user": [
      "rernande"
    ],
    "content_type": [
      "home",
      "topictr"
    ],
    "object_id": "17",
    "object_repr": "TopicTr object",
    "action_flag": 1,
    "change_message": "[{\"added\": {}}]"
  }
},
{
  "model": "admin.logentry",
  "pk": 140,
  "fields": {
    "action_time": "2017-02-14T14:46:00.202Z",
    "user": [
      "rernande"
    ],
    "content_type": [
      "home",
      "topictr"
    ],
    "object_id": "18",
    "object_repr": "TopicTr object",
    "action_flag": 1,
    "change_message": "[{\"added\": {}}]"
  }
},
{
  "model": "admin.logentry",
  "pk": 141,
  "fields": {
    "action_time": "2017-02-14T14:46:10.125Z",
    "user": [
      "rernande"
    ],
    "content_type": [
      "home",
      "topictr"
    ],
    "object_id": "19",
    "object_repr": "TopicTr object",
    "action_flag": 1,
    "change_message": "[{\"added\": {}}]"
  }
},
{
  "model": "admin.logentry",
  "pk": 142,
  "fields": {
    "action_time": "2017-02-14T14:46:24.846Z",
    "user": [
      "rernande"
    ],
    "content_type": [
      "home",
      "topictr"
    ],
    "object_id": "20",
    "object_repr": "TopicTr object",
    "action_flag": 1,
    "change_message": "[{\"added\": {}}]"
  }
},
{
  "model": "admin.logentry",
  "pk": 143,
  "fields": {
    "action_time": "2017-02-14T14:46:34.767Z",
    "user": [
      "rernande"
    ],
    "content_type": [
      "home",
      "topictr"
    ],
    "object_id": "21",
    "object_repr": "TopicTr object",
    "action_flag": 1,
    "change_message": "[{\"added\": {}}]"
  }
},
{
  "model": "admin.logentry",
  "pk": 144,
  "fields": {
    "action_time": "2017-02-14T14:46:44.480Z",
    "user": [
      "rernande"
    ],
    "content_type": [
      "home",
      "topictr"
    ],
    "object_id": "22",
    "object_repr": "TopicTr object",
    "action_flag": 1,
    "change_message": "[{\"added\": {}}]"
  }
},
{
  "model": "admin.logentry",
  "pk": 145,
  "fields": {
    "action_time": "2017-02-14T14:46:57.606Z",
    "user": [
      "rernande"
    ],
    "content_type": [
      "home",
      "topictr"
    ],
    "object_id": "23",
    "object_repr": "TopicTr object",
    "action_flag": 1,
    "change_message": "[{\"added\": {}}]"
  }
},
{
  "model": "admin.logentry",
  "pk": 146,
  "fields": {
    "action_time": "2017-02-14T14:47:11.069Z",
    "user": [
      "rernande"
    ],
    "content_type": [
      "home",
      "topictr"
    ],
    "object_id": "24",
    "object_repr": "TopicTr object",
    "action_flag": 1,
    "change_message": "[{\"added\": {}}]"
  }
},
{
  "model": "admin.logentry",
  "pk": 147,
  "fields": {
    "action_time": "2017-02-14T14:47:23.612Z",
    "user": [
      "rernande"
    ],
    "content_type": [
      "home",
      "topictr"
    ],
    "object_id": "25",
    "object_repr": "TopicTr object",
    "action_flag": 1,
    "change_message": "[{\"added\": {}}]"
  }
},
{
  "model": "admin.logentry",
  "pk": 148,
  "fields": {
    "action_time": "2017-02-14T14:47:33.330Z",
    "user": [
      "rernande"
    ],
    "content_type": [
      "home",
      "topictr"
    ],
    "object_id": "26",
    "object_repr": "TopicTr object",
    "action_flag": 1,
    "change_message": "[{\"added\": {}}]"
  }
},
{
  "model": "admin.logentry",
  "pk": 149,
  "fields": {
    "action_time": "2017-02-14T14:47:53.066Z",
    "user": [
      "rernande"
    ],
    "content_type": [
      "home",
      "topictr"
    ],
    "object_id": "27",
    "object_repr": "TopicTr object",
    "action_flag": 1,
    "change_message": "[{\"added\": {}}]"
  }
},
{
  "model": "admin.logentry",
  "pk": 150,
  "fields": {
    "action_time": "2017-02-14T14:48:11.485Z",
    "user": [
      "rernande"
    ],
    "content_type": [
      "home",
      "topictr"
    ],
    "object_id": "19",
    "object_repr": "TopicTr object",
    "action_flag": 2,
    "change_message": "[{\"changed\": {\"fields\": [\"language\"]}}]"
  }
},
{
  "model": "admin.logentry",
  "pk": 151,
  "fields": {
    "action_time": "2017-02-14T14:48:14.784Z",
    "user": [
      "rernande"
    ],
    "content_type": [
      "home",
      "topictr"
    ],
    "object_id": "22",
    "object_repr": "TopicTr object",
    "action_flag": 2,
    "change_message": "[{\"changed\": {\"fields\": [\"language\"]}}]"
  }
},
{
  "model": "admin.logentry",
  "pk": 152,
  "fields": {
    "action_time": "2017-02-14T14:48:54.274Z",
    "user": [
      "rernande"
    ],
    "content_type": [
      "home",
      "topictr"
    ],
    "object_id": "28",
    "object_repr": "TopicTr object",
    "action_flag": 1,
    "change_message": "[{\"added\": {}}]"
  }
},
{
  "model": "admin.logentry",
  "pk": 153,
  "fields": {
    "action_time": "2017-02-14T14:49:03.097Z",
    "user": [
      "rernande"
    ],
    "content_type": [
      "home",
      "topictr"
    ],
    "object_id": "29",
    "object_repr": "TopicTr object",
    "action_flag": 1,
    "change_message": "[{\"added\": {}}]"
  }
},
{
  "model": "admin.logentry",
  "pk": 154,
  "fields": {
    "action_time": "2017-02-14T14:49:12.104Z",
    "user": [
      "rernande"
    ],
    "content_type": [
      "home",
      "topictr"
    ],
    "object_id": "30",
    "object_repr": "TopicTr object",
    "action_flag": 1,
    "change_message": "[{\"added\": {}}]"
  }
},
{
  "model": "admin.logentry",
  "pk": 155,
  "fields": {
    "action_time": "2017-02-14T14:49:21.003Z",
    "user": [
      "rernande"
    ],
    "content_type": [
      "home",
      "topictr"
    ],
    "object_id": "31",
    "object_repr": "TopicTr object",
    "action_flag": 1,
    "change_message": "[{\"added\": {}}]"
  }
},
{
  "model": "admin.logentry",
  "pk": 156,
  "fields": {
    "action_time": "2017-02-14T14:49:35.948Z",
    "user": [
      "rernande"
    ],
    "content_type": [
      "home",
      "topictr"
    ],
    "object_id": "32",
    "object_repr": "TopicTr object",
    "action_flag": 1,
    "change_message": "[{\"added\": {}}]"
  }
},
{
  "model": "admin.logentry",
  "pk": 157,
  "fields": {
    "action_time": "2017-02-14T14:49:44.677Z",
    "user": [
      "rernande"
    ],
    "content_type": [
      "home",
      "topictr"
    ],
    "object_id": "33",
    "object_repr": "TopicTr object",
    "action_flag": 1,
    "change_message": "[{\"added\": {}}]"
  }
},
{
  "model": "admin.logentry",
  "pk": 158,
  "fields": {
    "action_time": "2017-02-14T14:55:37.714Z",
    "user": [
      "rernande"
    ],
    "content_type": [
      "home",
      "topictr"
    ],
    "object_id": "34",
    "object_repr": "TopicTr object",
    "action_flag": 1,
    "change_message": "[{\"added\": {}}]"
  }
},
{
  "model": "admin.logentry",
  "pk": 159,
  "fields": {
    "action_time": "2017-02-14T14:55:45.603Z",
    "user": [
      "rernande"
    ],
    "content_type": [
      "home",
      "topictr"
    ],
    "object_id": "35",
    "object_repr": "TopicTr object",
    "action_flag": 1,
    "change_message": "[{\"added\": {}}]"
  }
},
{
  "model": "admin.logentry",
  "pk": 160,
  "fields": {
    "action_time": "2017-02-14T14:56:02.812Z",
    "user": [
      "rernande"
    ],
    "content_type": [
      "home",
      "topictr"
    ],
    "object_id": "36",
    "object_repr": "TopicTr object",
    "action_flag": 1,
    "change_message": "[{\"added\": {}}]"
  }
},
{
  "model": "admin.logentry",
  "pk": 161,
  "fields": {
    "action_time": "2017-02-14T14:56:11.445Z",
    "user": [
      "rernande"
    ],
    "content_type": [
      "home",
      "topictr"
    ],
    "object_id": "37",
    "object_repr": "TopicTr object",
    "action_flag": 1,
    "change_message": "[{\"added\": {}}]"
  }
},
{
  "model": "admin.logentry",
  "pk": 162,
  "fields": {
    "action_time": "2017-02-14T14:56:20.424Z",
    "user": [
      "rernande"
    ],
    "content_type": [
      "home",
      "topictr"
    ],
    "object_id": "38",
    "object_repr": "TopicTr object",
    "action_flag": 1,
    "change_message": "[{\"added\": {}}]"
  }
},
{
  "model": "admin.logentry",
  "pk": 163,
  "fields": {
    "action_time": "2017-02-14T14:56:29.683Z",
    "user": [
      "rernande"
    ],
    "content_type": [
      "home",
      "topictr"
    ],
    "object_id": "39",
    "object_repr": "TopicTr object",
    "action_flag": 1,
    "change_message": "[{\"added\": {}}]"
  }
},
{
  "model": "admin.logentry",
  "pk": 164,
  "fields": {
    "action_time": "2017-02-14T14:56:39.492Z",
    "user": [
      "rernande"
    ],
    "content_type": [
      "home",
      "topictr"
    ],
    "object_id": "40",
    "object_repr": "TopicTr object",
    "action_flag": 1,
    "change_message": "[{\"added\": {}}]"
  }
},
{
  "model": "admin.logentry",
  "pk": 165,
  "fields": {
    "action_time": "2017-02-14T14:56:48.348Z",
    "user": [
      "rernande"
    ],
    "content_type": [
      "home",
      "topictr"
    ],
    "object_id": "41",
    "object_repr": "TopicTr object",
    "action_flag": 1,
    "change_message": "[{\"added\": {}}]"
  }
},
{
  "model": "admin.logentry",
  "pk": 166,
  "fields": {
    "action_time": "2017-02-14T14:56:59.935Z",
    "user": [
      "rernande"
    ],
    "content_type": [
      "home",
      "topictr"
    ],
    "object_id": "42",
    "object_repr": "TopicTr object",
    "action_flag": 1,
    "change_message": "[{\"added\": {}}]"
  }
},
{
  "model": "admin.logentry",
  "pk": 167,
  "fields": {
    "action_time": "2017-02-14T14:57:11.041Z",
    "user": [
      "rernande"
    ],
    "content_type": [
      "home",
      "topictr"
    ],
    "object_id": "43",
    "object_repr": "TopicTr object",
    "action_flag": 1,
    "change_message": "[{\"added\": {}}]"
  }
},
{
  "model": "admin.logentry",
  "pk": 168,
  "fields": {
    "action_time": "2017-02-14T14:57:21.286Z",
    "user": [
      "rernande"
    ],
    "content_type": [
      "home",
      "topictr"
    ],
    "object_id": "44",
    "object_repr": "TopicTr object",
    "action_flag": 1,
    "change_message": "[{\"added\": {}}]"
  }
},
{
  "model": "admin.logentry",
  "pk": 169,
  "fields": {
    "action_time": "2017-02-14T14:57:33.310Z",
    "user": [
      "rernande"
    ],
    "content_type": [
      "home",
      "topictr"
    ],
    "object_id": "45",
    "object_repr": "TopicTr object",
    "action_flag": 1,
    "change_message": "[{\"added\": {}}]"
  }
},
{
  "model": "admin.logentry",
  "pk": 170,
  "fields": {
    "action_time": "2017-02-14T14:57:42.893Z",
    "user": [
      "rernande"
    ],
    "content_type": [
      "home",
      "topictr"
    ],
    "object_id": "46",
    "object_repr": "TopicTr object",
    "action_flag": 1,
    "change_message": "[{\"added\": {}}]"
  }
},
{
  "model": "admin.logentry",
  "pk": 171,
  "fields": {
    "action_time": "2017-02-14T14:57:53.804Z",
    "user": [
      "rernande"
    ],
    "content_type": [
      "home",
      "topictr"
    ],
    "object_id": "47",
    "object_repr": "TopicTr object",
    "action_flag": 1,
    "change_message": "[{\"added\": {}}]"
  }
},
{
  "model": "admin.logentry",
  "pk": 172,
  "fields": {
    "action_time": "2017-02-14T14:58:03.403Z",
    "user": [
      "rernande"
    ],
    "content_type": [
      "home",
      "topictr"
    ],
    "object_id": "48",
    "object_repr": "TopicTr object",
    "action_flag": 1,
    "change_message": "[{\"added\": {}}]"
  }
},
{
  "model": "admin.logentry",
  "pk": 173,
  "fields": {
    "action_time": "2017-02-14T14:58:11.627Z",
    "user": [
      "rernande"
    ],
    "content_type": [
      "home",
      "topictr"
    ],
    "object_id": "49",
    "object_repr": "TopicTr object",
    "action_flag": 1,
    "change_message": "[{\"added\": {}}]"
  }
},
{
  "model": "admin.logentry",
  "pk": 174,
  "fields": {
    "action_time": "2017-02-14T14:58:20.837Z",
    "user": [
      "rernande"
    ],
    "content_type": [
      "home",
      "topictr"
    ],
    "object_id": "50",
    "object_repr": "TopicTr object",
    "action_flag": 1,
    "change_message": "[{\"added\": {}}]"
  }
},
{
  "model": "admin.logentry",
  "pk": 175,
  "fields": {
    "action_time": "2017-02-14T14:58:29.505Z",
    "user": [
      "rernande"
    ],
    "content_type": [
      "home",
      "topictr"
    ],
    "object_id": "51",
    "object_repr": "TopicTr object",
    "action_flag": 1,
    "change_message": "[{\"added\": {}}]"
  }
},
{
  "model": "admin.logentry",
  "pk": 176,
  "fields": {
    "action_time": "2017-02-14T14:58:35.675Z",
    "user": [
      "rernande"
    ],
    "content_type": [
      "home",
      "topictr"
    ],
    "object_id": "52",
    "object_repr": "TopicTr object",
    "action_flag": 1,
    "change_message": "[{\"added\": {}}]"
  }
},
{
  "model": "admin.logentry",
  "pk": 177,
  "fields": {
    "action_time": "2017-02-14T14:58:44.305Z",
    "user": [
      "rernande"
    ],
    "content_type": [
      "home",
      "topictr"
    ],
    "object_id": "53",
    "object_repr": "TopicTr object",
    "action_flag": 1,
    "change_message": "[{\"added\": {}}]"
  }
},
{
  "model": "admin.logentry",
  "pk": 178,
  "fields": {
    "action_time": "2017-02-14T14:58:52.347Z",
    "user": [
      "rernande"
    ],
    "content_type": [
      "home",
      "topictr"
    ],
    "object_id": "54",
    "object_repr": "TopicTr object",
    "action_flag": 1,
    "change_message": "[{\"added\": {}}]"
  }
},
{
  "model": "admin.logentry",
  "pk": 179,
  "fields": {
    "action_time": "2017-02-14T14:59:00.546Z",
    "user": [
      "rernande"
    ],
    "content_type": [
      "home",
      "topictr"
    ],
    "object_id": "55",
    "object_repr": "TopicTr object",
    "action_flag": 1,
    "change_message": "[{\"added\": {}}]"
  }
},
{
  "model": "admin.logentry",
  "pk": 180,
  "fields": {
    "action_time": "2017-02-14T14:59:19.274Z",
    "user": [
      "rernande"
    ],
    "content_type": [
      "home",
      "topictr"
    ],
    "object_id": "56",
    "object_repr": "TopicTr object",
    "action_flag": 1,
    "change_message": "[{\"added\": {}}]"
  }
},
{
  "model": "admin.logentry",
  "pk": 181,
  "fields": {
    "action_time": "2017-02-14T14:59:27.266Z",
    "user": [
      "rernande"
    ],
    "content_type": [
      "home",
      "topictr"
    ],
    "object_id": "57",
    "object_repr": "TopicTr object",
    "action_flag": 1,
    "change_message": "[{\"added\": {}}]"
  }
},
{
  "model": "admin.logentry",
  "pk": 182,
  "fields": {
    "action_time": "2017-02-14T15:00:22.927Z",
    "user": [
      "rernande"
    ],
    "content_type": [
      "home",
      "content"
    ],
    "object_id": "1",
    "object_repr": "1",
    "action_flag": 1,
    "change_message": "[{\"added\": {}}]"
  }
},
{
  "model": "admin.logentry",
  "pk": 183,
  "fields": {
    "action_time": "2017-02-14T15:00:25.853Z",
    "user": [
      "rernande"
    ],
    "content_type": [
      "home",
      "content"
    ],
    "object_id": "2",
    "object_repr": "2",
    "action_flag": 1,
    "change_message": "[{\"added\": {}}]"
  }
},
{
  "model": "admin.logentry",
  "pk": 184,
  "fields": {
    "action_time": "2017-02-14T15:00:29.275Z",
    "user": [
      "rernande"
    ],
    "content_type": [
      "home",
      "content"
    ],
    "object_id": "3",
    "object_repr": "3",
    "action_flag": 1,
    "change_message": "[{\"added\": {}}]"
  }
},
{
  "model": "admin.logentry",
  "pk": 185,
  "fields": {
    "action_time": "2017-02-14T15:00:31.654Z",
    "user": [
      "rernande"
    ],
    "content_type": [
      "home",
      "content"
    ],
    "object_id": "4",
    "object_repr": "4",
    "action_flag": 1,
    "change_message": "[{\"added\": {}}]"
  }
},
{
  "model": "admin.logentry",
  "pk": 186,
  "fields": {
    "action_time": "2017-02-14T15:00:34.685Z",
    "user": [
      "rernande"
    ],
    "content_type": [
      "home",
      "content"
    ],
    "object_id": "5",
    "object_repr": "5",
    "action_flag": 1,
    "change_message": "[{\"added\": {}}]"
  }
},
{
  "model": "admin.logentry",
  "pk": 187,
  "fields": {
    "action_time": "2017-02-14T15:00:37.247Z",
    "user": [
      "rernande"
    ],
    "content_type": [
      "home",
      "content"
    ],
    "object_id": "6",
    "object_repr": "6",
    "action_flag": 1,
    "change_message": "[{\"added\": {}}]"
  }
},
{
  "model": "admin.logentry",
  "pk": 188,
  "fields": {
    "action_time": "2017-02-14T15:42:14.620Z",
    "user": [
      "rernande"
    ],
    "content_type": [
      "home",
      "contenttr"
    ],
    "object_id": "1",
    "object_repr": "ContentTr object",
    "action_flag": 1,
    "change_message": "[{\"added\": {}}]"
  }
},
{
  "model": "admin.logentry",
  "pk": 189,
  "fields": {
    "action_time": "2017-02-14T15:42:35.822Z",
    "user": [
      "rernande"
    ],
    "content_type": [
      "home",
      "contenttr"
    ],
    "object_id": "2",
    "object_repr": "ContentTr object",
    "action_flag": 1,
    "change_message": "[{\"added\": {}}]"
  }
},
{
  "model": "admin.logentry",
  "pk": 190,
  "fields": {
    "action_time": "2017-02-14T15:43:23.907Z",
    "user": [
      "rernande"
    ],
    "content_type": [
      "home",
      "contenttr"
    ],
    "object_id": "3",
    "object_repr": "ContentTr object",
    "action_flag": 1,
    "change_message": "[{\"added\": {}}]"
  }
},
{
  "model": "admin.logentry",
  "pk": 191,
  "fields": {
    "action_time": "2017-02-14T15:43:43.304Z",
    "user": [
      "rernande"
    ],
    "content_type": [
      "home",
      "contenttr"
    ],
    "object_id": "4",
    "object_repr": "ContentTr object",
    "action_flag": 1,
    "change_message": "[{\"added\": {}}]"
  }
},
{
  "model": "admin.logentry",
  "pk": 192,
  "fields": {
    "action_time": "2017-02-14T15:44:33.000Z",
    "user": [
      "rernande"
    ],
    "content_type": [
      "home",
      "contenttr"
    ],
    "object_id": "5",
    "object_repr": "ContentTr object",
    "action_flag": 1,
    "change_message": "[{\"added\": {}}]"
  }
},
{
  "model": "admin.logentry",
  "pk": 193,
  "fields": {
    "action_time": "2017-02-14T15:45:04.283Z",
    "user": [
      "rernande"
    ],
    "content_type": [
      "home",
      "contenttr"
    ],
    "object_id": "6",
    "object_repr": "ContentTr object",
    "action_flag": 1,
    "change_message": "[{\"added\": {}}]"
  }
},
{
  "model": "admin.logentry",
  "pk": 194,
  "fields": {
    "action_time": "2017-02-14T15:45:40.919Z",
    "user": [
      "rernande"
    ],
    "content_type": [
      "home",
      "contenttr"
    ],
    "object_id": "7",
    "object_repr": "ContentTr object",
    "action_flag": 1,
    "change_message": "[{\"added\": {}}]"
  }
},
{
  "model": "admin.logentry",
  "pk": 195,
  "fields": {
    "action_time": "2017-02-14T15:46:07.323Z",
    "user": [
      "rernande"
    ],
    "content_type": [
      "home",
      "contenttr"
    ],
    "object_id": "8",
    "object_repr": "ContentTr object",
    "action_flag": 1,
    "change_message": "[{\"added\": {}}]"
  }
},
{
  "model": "admin.logentry",
  "pk": 196,
  "fields": {
    "action_time": "2017-02-14T15:46:31.700Z",
    "user": [
      "rernande"
    ],
    "content_type": [
      "home",
      "contenttr"
    ],
    "object_id": "9",
    "object_repr": "ContentTr object",
    "action_flag": 1,
    "change_message": "[{\"added\": {}}]"
  }
},
{
  "model": "admin.logentry",
  "pk": 197,
  "fields": {
    "action_time": "2017-02-14T15:46:53.135Z",
    "user": [
      "rernande"
    ],
    "content_type": [
      "home",
      "contenttr"
    ],
    "object_id": "10",
    "object_repr": "ContentTr object",
    "action_flag": 1,
    "change_message": "[{\"added\": {}}]"
  }
},
{
  "model": "admin.logentry",
  "pk": 198,
  "fields": {
    "action_time": "2017-02-14T15:47:25.855Z",
    "user": [
      "rernande"
    ],
    "content_type": [
      "home",
      "contenttr"
    ],
    "object_id": "11",
    "object_repr": "ContentTr object",
    "action_flag": 1,
    "change_message": "[{\"added\": {}}]"
  }
},
{
  "model": "admin.logentry",
  "pk": 199,
  "fields": {
    "action_time": "2017-02-14T15:47:51.763Z",
    "user": [
      "rernande"
    ],
    "content_type": [
      "home",
      "contenttr"
    ],
    "object_id": "12",
    "object_repr": "ContentTr object",
    "action_flag": 1,
    "change_message": "[{\"added\": {}}]"
  }
},
{
  "model": "admin.logentry",
  "pk": 200,
  "fields": {
    "action_time": "2017-02-14T15:48:12.659Z",
    "user": [
      "rernande"
    ],
    "content_type": [
      "home",
      "contenttr"
    ],
    "object_id": "13",
    "object_repr": "ContentTr object",
    "action_flag": 1,
    "change_message": "[{\"added\": {}}]"
  }
},
{
  "model": "admin.logentry",
  "pk": 201,
  "fields": {
    "action_time": "2017-02-14T15:48:33.539Z",
    "user": [
      "rernande"
    ],
    "content_type": [
      "home",
      "contenttr"
    ],
    "object_id": "14",
    "object_repr": "ContentTr object",
    "action_flag": 1,
    "change_message": "[{\"added\": {}}]"
  }
},
{
  "model": "admin.logentry",
  "pk": 202,
  "fields": {
    "action_time": "2017-02-14T15:49:15.628Z",
    "user": [
      "rernande"
    ],
    "content_type": [
      "home",
      "contenttr"
    ],
    "object_id": "15",
    "object_repr": "ContentTr object",
    "action_flag": 1,
    "change_message": "[{\"added\": {}}]"
  }
},
{
  "model": "admin.logentry",
  "pk": 203,
  "fields": {
    "action_time": "2017-02-14T17:34:27.427Z",
    "user": [
      "rernande"
    ],
    "content_type": [
      "home",
      "contenttr"
    ],
    "object_id": "16",
    "object_repr": "ContentTr object",
    "action_flag": 1,
    "change_message": "[{\"added\": {}}]"
  }
},
{
  "model": "admin.logentry",
  "pk": 204,
  "fields": {
    "action_time": "2017-02-14T17:34:53.698Z",
    "user": [
      "rernande"
    ],
    "content_type": [
      "home",
      "contenttr"
    ],
    "object_id": "17",
    "object_repr": "ContentTr object",
    "action_flag": 1,
    "change_message": "[{\"added\": {}}]"
  }
},
{
  "model": "admin.logentry",
  "pk": 205,
  "fields": {
    "action_time": "2017-02-14T17:35:14.225Z",
    "user": [
      "rernande"
    ],
    "content_type": [
      "home",
      "contenttr"
    ],
    "object_id": "18",
    "object_repr": "ContentTr object",
    "action_flag": 1,
    "change_message": "[{\"added\": {}}]"
  }
},
{
  "model": "admin.logentry",
  "pk": 206,
  "fields": {
    "action_time": "2017-02-14T17:35:40.411Z",
    "user": [
      "rernande"
    ],
    "content_type": [
      "home",
      "contenttr"
    ],
    "object_id": "19",
    "object_repr": "ContentTr object",
    "action_flag": 1,
    "change_message": "[{\"added\": {}}]"
  }
},
{
  "model": "admin.logentry",
  "pk": 207,
  "fields": {
    "action_time": "2017-02-14T17:35:56.406Z",
    "user": [
      "rernande"
    ],
    "content_type": [
      "home",
      "contenttr"
    ],
    "object_id": "20",
    "object_repr": "ContentTr object",
    "action_flag": 1,
    "change_message": "[{\"added\": {}}]"
  }
},
{
  "model": "admin.logentry",
  "pk": 208,
  "fields": {
    "action_time": "2017-02-14T17:36:14.094Z",
    "user": [
      "rernande"
    ],
    "content_type": [
      "home",
      "contenttr"
    ],
    "object_id": "21",
    "object_repr": "ContentTr object",
    "action_flag": 1,
    "change_message": "[{\"added\": {}}]"
  }
},
{
  "model": "admin.logentry",
  "pk": 209,
  "fields": {
    "action_time": "2017-02-14T17:36:37.225Z",
    "user": [
      "rernande"
    ],
    "content_type": [
      "home",
      "contenttr"
    ],
    "object_id": "22",
    "object_repr": "ContentTr object",
    "action_flag": 1,
    "change_message": "[{\"added\": {}}]"
  }
},
{
  "model": "admin.logentry",
  "pk": 210,
  "fields": {
    "action_time": "2017-02-14T17:37:00.504Z",
    "user": [
      "rernande"
    ],
    "content_type": [
      "home",
      "contenttr"
    ],
    "object_id": "23",
    "object_repr": "ContentTr object",
    "action_flag": 1,
    "change_message": "[{\"added\": {}}]"
  }
},
{
  "model": "admin.logentry",
  "pk": 211,
  "fields": {
    "action_time": "2017-02-14T17:37:22.003Z",
    "user": [
      "rernande"
    ],
    "content_type": [
      "home",
      "contenttr"
    ],
    "object_id": "24",
    "object_repr": "ContentTr object",
    "action_flag": 1,
    "change_message": "[{\"added\": {}}]"
  }
},
{
  "model": "admin.logentry",
  "pk": 212,
  "fields": {
    "action_time": "2017-02-14T17:37:47.062Z",
    "user": [
      "rernande"
    ],
    "content_type": [
      "home",
      "contenttr"
    ],
    "object_id": "25",
    "object_repr": "ContentTr object",
    "action_flag": 1,
    "change_message": "[{\"added\": {}}]"
  }
},
{
  "model": "admin.logentry",
  "pk": 213,
  "fields": {
    "action_time": "2017-02-14T17:38:15.255Z",
    "user": [
      "rernande"
    ],
    "content_type": [
      "home",
      "contenttr"
    ],
    "object_id": "26",
    "object_repr": "ContentTr object",
    "action_flag": 1,
    "change_message": "[{\"added\": {}}]"
  }
},
{
  "model": "admin.logentry",
  "pk": 214,
  "fields": {
    "action_time": "2017-02-14T17:38:35.973Z",
    "user": [
      "rernande"
    ],
    "content_type": [
      "home",
      "contenttr"
    ],
    "object_id": "27",
    "object_repr": "ContentTr object",
    "action_flag": 1,
    "change_message": "[{\"added\": {}}]"
  }
},
{
  "model": "admin.logentry",
  "pk": 215,
  "fields": {
    "action_time": "2017-02-14T17:38:54.906Z",
    "user": [
      "rernande"
    ],
    "content_type": [
      "home",
      "contenttr"
    ],
    "object_id": "28",
    "object_repr": "ContentTr object",
    "action_flag": 1,
    "change_message": "[{\"added\": {}}]"
  }
},
{
  "model": "admin.logentry",
  "pk": 216,
  "fields": {
    "action_time": "2017-02-14T17:39:28.534Z",
    "user": [
      "rernande"
    ],
    "content_type": [
      "home",
      "contenttr"
    ],
    "object_id": "29",
    "object_repr": "ContentTr object",
    "action_flag": 1,
    "change_message": "[{\"added\": {}}]"
  }
},
{
  "model": "admin.logentry",
  "pk": 217,
  "fields": {
    "action_time": "2017-02-14T17:39:52.018Z",
    "user": [
      "rernande"
    ],
    "content_type": [
      "home",
      "contenttr"
    ],
    "object_id": "30",
    "object_repr": "ContentTr object",
    "action_flag": 1,
    "change_message": "[{\"added\": {}}]"
  }
},
{
  "model": "admin.logentry",
  "pk": 218,
  "fields": {
    "action_time": "2017-02-14T17:40:20.428Z",
    "user": [
      "rernande"
    ],
    "content_type": [
      "home",
      "contenttr"
    ],
    "object_id": "31",
    "object_repr": "ContentTr object",
    "action_flag": 1,
    "change_message": "[{\"added\": {}}]"
  }
},
{
  "model": "admin.logentry",
  "pk": 219,
  "fields": {
    "action_time": "2017-02-14T17:40:38.554Z",
    "user": [
      "rernande"
    ],
    "content_type": [
      "home",
      "contenttr"
    ],
    "object_id": "32",
    "object_repr": "ContentTr object",
    "action_flag": 1,
    "change_message": "[{\"added\": {}}]"
  }
},
{
  "model": "admin.logentry",
  "pk": 220,
  "fields": {
    "action_time": "2017-02-14T17:41:05.546Z",
    "user": [
      "rernande"
    ],
    "content_type": [
      "home",
      "contenttr"
    ],
    "object_id": "33",
    "object_repr": "ContentTr object",
    "action_flag": 1,
    "change_message": "[{\"added\": {}}]"
  }
},
{
  "model": "admin.logentry",
  "pk": 221,
  "fields": {
    "action_time": "2017-02-14T17:41:22.075Z",
    "user": [
      "rernande"
    ],
    "content_type": [
      "home",
      "contenttr"
    ],
    "object_id": "34",
    "object_repr": "ContentTr object",
    "action_flag": 1,
    "change_message": "[{\"added\": {}}]"
  }
},
{
  "model": "admin.logentry",
  "pk": 222,
  "fields": {
    "action_time": "2017-03-13T20:52:57.218Z",
    "user": [
      "rernande"
    ],
    "content_type": [
      "dashboard",
      "language"
    ],
    "object_id": "SO",
    "object_repr": "Soomaaliga",
    "action_flag": 2,
    "change_message": "[{\"changed\": {\"fields\": [\"native_name\"]}}]"
  }
},
{
  "model": "admin.logentry",
  "pk": 223,
  "fields": {
    "action_time": "2017-03-13T20:54:04.154Z",
    "user": [
      "rernande"
    ],
    "content_type": [
      "dashboard",
      "language"
    ],
    "object_id": "SA",
    "object_repr": "\u0627\u0644\u0639\u0631\u0628\u064a\u0629",
    "action_flag": 2,
    "change_message": "[{\"changed\": {\"fields\": [\"native_name\"]}}]"
  }
},
{
  "model": "admin.logentry",
  "pk": 224,
  "fields": {
    "action_time": "2017-03-13T20:54:13.769Z",
    "user": [
      "rernande"
    ],
    "content_type": [
      "dashboard",
      "language"
    ],
    "object_id": "PL",
    "object_repr": "Polszczyzna",
    "action_flag": 2,
    "change_message": "[{\"changed\": {\"fields\": [\"native_name\"]}}]"
  }
},
{
  "model": "admin.logentry",
  "pk": 225,
  "fields": {
    "action_time": "2017-03-13T20:54:23.531Z",
    "user": [
      "rernande"
    ],
    "content_type": [
      "dashboard",
      "language"
    ],
    "object_id": "PK",
    "object_repr": "\u0627\u0631\u062f\u0648",
    "action_flag": 2,
    "change_message": "[{\"changed\": {\"fields\": [\"native_name\"]}}]"
  }
},
{
  "model": "admin.logentry",
  "pk": 226,
  "fields": {
    "action_time": "2017-03-13T20:54:32.393Z",
    "user": [
      "rernande"
    ],
    "content_type": [
      "dashboard",
      "language"
    ],
    "object_id": "NO",
    "object_repr": "Norsk bokm\u00e5l",
    "action_flag": 2,
    "change_message": "[{\"changed\": {\"fields\": [\"native_name\"]}}]"
  }
},
{
  "model": "admin.logentry",
  "pk": 227,
  "fields": {
    "action_time": "2017-03-13T20:54:44.760Z",
    "user": [
      "rernande"
    ],
    "content_type": [
      "dashboard",
      "language"
    ],
    "object_id": "LT",
    "object_repr": "Lietuvi\u0173 kalba",
    "action_flag": 2,
    "change_message": "[{\"changed\": {\"fields\": [\"native_name\"]}}]"
  }
},
{
  "model": "admin.logentry",
  "pk": 228,
  "fields": {
    "action_time": "2017-03-13T20:54:53.503Z",
    "user": [
      "rernande"
    ],
    "content_type": [
      "dashboard",
      "language"
    ],
    "object_id": "GB",
    "object_repr": "English",
    "action_flag": 2,
    "change_message": "[{\"changed\": {\"fields\": [\"native_name\"]}}]"
  }
},
{
  "model": "admin.logentry",
  "pk": 229,
  "fields": {
    "action_time": "2017-03-23T16:14:02.213Z",
    "user": [
      "rernande"
    ],
    "content_type": [
      "dashboard",
      "profile"
    ],
    "object_id": "1",
    "object_repr": "Profile object",
    "action_flag": 1,
    "change_message": "[{\"added\": {}}]"
  }
},
{
  "model": "admin.logentry",
  "pk": 230,
  "fields": {
    "action_time": "2017-03-23T16:18:28.650Z",
    "user": [
      "rernande"
    ],
    "content_type": [
      "dashboard",
      "profile"
    ],
    "object_id": "1",
    "object_repr": "Profile object",
    "action_flag": 2,
    "change_message": "[{\"changed\": {\"fields\": [\"postal_code\"]}}]"
  }
},
{
  "model": "admin.logentry",
  "pk": 231,
  "fields": {
    "action_time": "2017-03-23T19:16:44.123Z",
    "user": [
      "rernande"
    ],
    "content_type": [
      "auth",
      "user"
    ],
    "object_id": "1",
    "object_repr": "admin",
    "action_flag": 2,
    "change_message": "[{\"changed\": {\"fields\": [\"first_name\", \"last_name\", \"email\"]}}, {\"changed\": {\"fields\": [\"description\"], \"name\": \"profile\", \"object\": \"Profile object\"}}]"
  }
},
{
  "model": "admin.logentry",
  "pk": 232,
  "fields": {
    "action_time": "2017-03-23T19:18:12.907Z",
    "user": [
      "rernande"
    ],
    "content_type": [
      "auth",
      "user"
    ],
    "object_id": "1",
    "object_repr": "michael23",
    "action_flag": 2,
    "change_message": "[{\"changed\": {\"fields\": [\"username\"]}}]"
  }
},
{
  "model": "admin.logentry",
  "pk": 233,
  "fields": {
    "action_time": "2017-03-23T19:20:29.019Z",
    "user": [
      "rernande"
    ],
    "content_type": [
      "auth",
      "user"
    ],
    "object_id": "1",
    "object_repr": "michael23",
    "action_flag": 2,
    "change_message": "[{\"changed\": {\"fields\": [\"address\"], \"name\": \"profile\", \"object\": \"Profile object\"}}]"
  }
},
{
  "model": "admin.logentry",
  "pk": 234,
  "fields": {
    "action_time": "2017-03-23T20:52:55.929Z",
    "user": [
      "rernande"
    ],
    "content_type": [
      "auth",
      "user"
    ],
    "object_id": "1",
    "object_repr": "michael23",
    "action_flag": 2,
    "change_message": "[{\"changed\": {\"object\": \"Profile object\", \"fields\": [\"postal_code\", \"country\"], \"name\": \"profile\"}}]"
  }
},
{
  "model": "admin.logentry",
  "pk": 235,
  "fields": {
    "action_time": "2017-03-23T20:53:49.875Z",
    "user": [
      "rernande"
    ],
    "content_type": [
      "auth",
      "user"
    ],
    "object_id": "1",
    "object_repr": "michael23",
    "action_flag": 2,
    "change_message": "[{\"changed\": {\"name\": \"profile\", \"object\": \"Profile object\", \"fields\": [\"postal_code\"]}}]"
  }
},
{
  "model": "admin.logentry",
  "pk": 236,
  "fields": {
    "action_time": "2017-03-23T20:55:03.327Z",
    "user": [
      "rernande"
    ],
    "content_type": [
      "auth",
      "user"
    ],
    "object_id": "1",
    "object_repr": "michael23",
    "action_flag": 2,
    "change_message": "[{\"changed\": {\"name\": \"profile\", \"fields\": [\"company\", \"city\"], \"object\": \"Profile object\"}}]"
  }
},
{
  "model": "admin.logentry",
  "pk": 237,
  "fields": {
    "action_time": "2017-03-23T21:02:29.030Z",
    "user": [
      "rernande"
    ],
    "content_type": [
      "auth",
      "user"
    ],
    "object_id": "1",
    "object_repr": "michael23",
    "action_flag": 2,
    "change_message": "[{\"changed\": {\"name\": \"profile\", \"fields\": [\"description\"], \"object\": \"Profile object\"}}]"
  }
},
{
  "model": "admin.logentry",
  "pk": 238,
  "fields": {
    "action_time": "2017-03-23T21:22:30.869Z",
    "user": [
      "rernande"
    ],
    "content_type": [
      "auth",
      "user"
    ],
    "object_id": "1",
    "object_repr": "admin",
    "action_flag": 2,
    "change_message": "[{\"changed\": {\"fields\": [\"username\", \"first_name\", \"last_name\", \"email\"]}}, {\"changed\": {\"name\": \"profile\", \"fields\": [\"country\"], \"object\": \"Profile object\"}}]"
  }
},
{
  "model": "admin.logentry",
  "pk": 239,
  "fields": {
    "action_time": "2017-03-23T21:38:17.993Z",
    "user": [
      "rernande"
    ],
    "content_type": [
      "auth",
      "user"
    ],
    "object_id": "1",
    "object_repr": "rernande",
    "action_flag": 2,
    "change_message": "[{\"changed\": {\"fields\": [\"username\"]}}]"
  }
},
{
  "model": "admin.logentry",
  "pk": 240,
  "fields": {
    "action_time": "2017-03-23T21:54:40.711Z",
    "user": [
      "rernande"
    ],
    "content_type": [
      "auth",
      "user"
    ],
    "object_id": "1",
    "object_repr": "rernande",
    "action_flag": 2,
    "change_message": "[]"
  }
},
{
  "model": "admin.logentry",
  "pk": 241,
  "fields": {
    "action_time": "2017-03-23T21:56:03.199Z",
    "user": [
      "rernande"
    ],
    "content_type": [
      "auth",
      "user"
    ],
    "object_id": "1",
    "object_repr": "rernande",
    "action_flag": 2,
    "change_message": "[]"
  }
},
{
  "model": "admin.logentry",
  "pk": 242,
  "fields": {
    "action_time": "2017-03-23T21:57:24.008Z",
    "user": [
      "rernande"
    ],
    "content_type": [
      "auth",
      "user"
    ],
    "object_id": "1",
    "object_repr": "rernande",
    "action_flag": 2,
    "change_message": "[]"
  }
},
{
  "model": "admin.logentry",
  "pk": 243,
  "fields": {
    "action_time": "2017-03-23T21:57:47.478Z",
    "user": [
      "rernande"
    ],
    "content_type": [
      "auth",
      "user"
    ],
    "object_id": "1",
    "object_repr": "rernande",
    "action_flag": 2,
    "change_message": "[]"
  }
},
{
  "model": "admin.logentry",
  "pk": 244,
  "fields": {
    "action_time": "2017-03-23T21:58:29.142Z",
    "user": [
      "rernande"
    ],
    "content_type": [
      "auth",
      "user"
    ],
    "object_id": "1",
    "object_repr": "rernande",
    "action_flag": 2,
    "change_message": "[]"
  }
},
{
  "model": "admin.logentry",
  "pk": 245,
  "fields": {
    "action_time": "2017-04-04T12:47:12.042Z",
    "user": [
      "rernande"
    ],
    "content_type": [
      "auth",
      "user"
    ],
    "object_id": "2",
    "object_repr": "lelin",
    "action_flag": 1,
    "change_message": "[{\"added\": {}}]"
  }
},
{
  "model": "admin.logentry",
  "pk": 246,
  "fields": {
    "action_time": "2017-04-04T12:48:37.503Z",
    "user": [
      "rernande"
    ],
    "content_type": [
      "auth",
      "user"
    ],
    "object_id": "2",
    "object_repr": "lelin",
    "action_flag": 2,
    "change_message": "[]"
  }
},
{
  "model": "admin.logentry",
  "pk": 247,
  "fields": {
    "action_time": "2017-04-04T12:51:47.148Z",
    "user": [
      "rernande"
    ],
    "content_type": [
      "auth",
      "group"
    ],
    "object_id": "1",
    "object_repr": "staff",
    "action_flag": 1,
    "change_message": "[{\"added\": {}}]"
  }
},
{
  "model": "admin.logentry",
  "pk": 248,
  "fields": {
    "action_time": "2017-04-04T12:52:28.703Z",
    "user": [
      "rernande"
    ],
    "content_type": [
      "auth",
      "user"
    ],
    "object_id": "2",
    "object_repr": "lelin",
    "action_flag": 2,
    "change_message": "[]"
  }
}
]
